<metadata xml:lang="en"><Esri><CreaDate>20201217</CreaDate><CreaTime>15144600</CreaTime><ArcGISFormat>1.0</ArcGISFormat><SyncOnce>FALSE</SyncOnce><DataProperties><lineage><Process ToolSource="d:\program files\arcgis\pro\Resources\ArcToolbox\Toolboxes\Data Management Tools.tbx\CreateFeatureclass" Date="20201217" Time="151446">CreateFeatureclass C:\Users\trisha.schlake\AppData\Local\Temp\1\ArcGISProTemp9596\4227dd79-a419-46df-ba34-0d4c9257baf6\Default.gdb BELF_QuarterBase Polygon # No No "PROJCS['NAD_1983_StatePlane_Nebraska_FIPS_2600_Feet',GEOGCS['GCS_North_American_1983',DATUM['D_North_American_1983',SPHEROID['GRS_1980',6378137.0,298.257222101]],PRIMEM['Greenwich',0.0],UNIT['Degree',0.0174532925199433]],PROJECTION['Lambert_Conformal_Conic'],PARAMETER['False_Easting',1640416.666666667],PARAMETER['False_Northing',0.0],PARAMETER['Central_Meridian',-100.0],PARAMETER['Standard_Parallel_1',40.0],PARAMETER['Standard_Parallel_2',43.0],PARAMETER['Latitude_Of_Origin',39.83333333333334],UNIT['Foot_US',0.3048006096012192]];-119097700 -96454900 3048.00609601219;-100000 10000;-100000 10000;3.28083333333333E-03;0.001;0.001;IsHighPrecision" # # # # "BELF Quarter Base"</Process><Process ToolSource="d:\program files\arcgis\pro\Resources\ArcToolbox\Toolboxes\Data Management Tools.tbx\UpdateSchema" Date="20201217" Time="151451">UpdateSchema C:\Users\trisha.schlake\AppData\Local\Temp\1\ArcGISProTemp9596\4227dd79-a419-46df-ba34-0d4c9257baf6\Default.gdb\BELF_QuarterBase "&lt;operationSequence&gt;&lt;workflow&gt;&lt;AddField&gt;&lt;field_name&gt;OBJECTID_1&lt;/field_name&gt;&lt;field_type&gt;Long&lt;/field_type&gt;&lt;field_alias&gt;OBJECTID&lt;/field_alias&gt;&lt;field_is_nullable&gt;TRUE&lt;/field_is_nullable&gt;&lt;field_length&gt;4&lt;/field_length&gt;&lt;/AddField&gt;&lt;/workflow&gt;&lt;workflow&gt;&lt;AddField&gt;&lt;field_name&gt;Legal&lt;/field_name&gt;&lt;field_type&gt;TEXT&lt;/field_type&gt;&lt;field_alias&gt;Legal&lt;/field_alias&gt;&lt;field_is_nullable&gt;TRUE&lt;/field_is_nullable&gt;&lt;field_length&gt;254&lt;/field_length&gt;&lt;/AddField&gt;&lt;/workflow&gt;&lt;workflow&gt;&lt;AddField&gt;&lt;field_name&gt;ID&lt;/field_name&gt;&lt;field_type&gt;DOUBLE&lt;/field_type&gt;&lt;field_alias&gt;ID&lt;/field_alias&gt;&lt;field_is_nullable&gt;TRUE&lt;/field_is_nullable&gt;&lt;field_length&gt;8&lt;/field_length&gt;&lt;/AddField&gt;&lt;/workflow&gt;&lt;workflow&gt;&lt;AddField&gt;&lt;field_name&gt;BELF_Area&lt;/field_name&gt;&lt;field_type&gt;DOUBLE&lt;/field_type&gt;&lt;field_alias&gt;BELF_Area&lt;/field_alias&gt;&lt;field_is_nullable&gt;TRUE&lt;/field_is_nullable&gt;&lt;field_length&gt;8&lt;/field_length&gt;&lt;/AddField&gt;&lt;/workflow&gt;&lt;workflow&gt;&lt;AddField&gt;&lt;field_name&gt;PERIMETER&lt;/field_name&gt;&lt;field_type&gt;DOUBLE&lt;/field_type&gt;&lt;field_alias&gt;PERIMETER&lt;/field_alias&gt;&lt;field_is_nullable&gt;TRUE&lt;/field_is_nullable&gt;&lt;field_length&gt;8&lt;/field_length&gt;&lt;/AddField&gt;&lt;/workflow&gt;&lt;workflow&gt;&lt;AddField&gt;&lt;field_name&gt;LINKS_QTY&lt;/field_name&gt;&lt;field_type&gt;DOUBLE&lt;/field_type&gt;&lt;field_alias&gt;LINKS_QTY&lt;/field_alias&gt;&lt;field_is_nullable&gt;TRUE&lt;/field_is_nullable&gt;&lt;field_length&gt;8&lt;/field_length&gt;&lt;/AddField&gt;&lt;/workflow&gt;&lt;workflow&gt;&lt;AddField&gt;&lt;field_name&gt;Min_lease&lt;/field_name&gt;&lt;field_type&gt;Long&lt;/field_type&gt;&lt;field_alias&gt;Min_lease&lt;/field_alias&gt;&lt;field_is_nullable&gt;TRUE&lt;/field_is_nullable&gt;&lt;field_length&gt;4&lt;/field_length&gt;&lt;/AddField&gt;&lt;/workflow&gt;&lt;workflow&gt;&lt;AddField&gt;&lt;field_name&gt;Min_Code&lt;/field_name&gt;&lt;field_type&gt;TEXT&lt;/field_type&gt;&lt;field_alias&gt;Min_Code&lt;/field_alias&gt;&lt;field_is_nullable&gt;TRUE&lt;/field_is_nullable&gt;&lt;field_length&gt;5&lt;/field_length&gt;&lt;/AddField&gt;&lt;/workflow&gt;&lt;workflow&gt;&lt;AddField&gt;&lt;field_name&gt;Deed_Rec&lt;/field_name&gt;&lt;field_type&gt;TEXT&lt;/field_type&gt;&lt;field_alias&gt;Deed_Rec&lt;/field_alias&gt;&lt;field_is_nullable&gt;TRUE&lt;/field_is_nullable&gt;&lt;field_length&gt;20&lt;/field_length&gt;&lt;/AddField&gt;&lt;/workflow&gt;&lt;workflow&gt;&lt;AddField&gt;&lt;field_name&gt;Deed_Date&lt;/field_name&gt;&lt;field_type&gt;DATE&lt;/field_type&gt;&lt;field_alias&gt;Deed_Date&lt;/field_alias&gt;&lt;field_is_nullable&gt;TRUE&lt;/field_is_nullable&gt;&lt;field_length&gt;8&lt;/field_length&gt;&lt;/AddField&gt;&lt;/workflow&gt;&lt;workflow&gt;&lt;AddField&gt;&lt;field_name&gt;WhomDeeded&lt;/field_name&gt;&lt;field_type&gt;TEXT&lt;/field_type&gt;&lt;field_alias&gt;WhomDeeded&lt;/field_alias&gt;&lt;field_is_nullable&gt;TRUE&lt;/field_is_nullable&gt;&lt;field_length&gt;50&lt;/field_length&gt;&lt;/AddField&gt;&lt;/workflow&gt;&lt;workflow&gt;&lt;AddField&gt;&lt;field_name&gt;County_Num&lt;/field_name&gt;&lt;field_type&gt;Short&lt;/field_type&gt;&lt;field_alias&gt;County_Num&lt;/field_alias&gt;&lt;field_is_nullable&gt;TRUE&lt;/field_is_nullable&gt;&lt;field_length&gt;2&lt;/field_length&gt;&lt;/AddField&gt;&lt;/workflow&gt;&lt;workflow&gt;&lt;AddField&gt;&lt;field_name&gt;County&lt;/field_name&gt;&lt;field_type&gt;TEXT&lt;/field_type&gt;&lt;field_alias&gt;County&lt;/field_alias&gt;&lt;field_is_nullable&gt;TRUE&lt;/field_is_nullable&gt;&lt;field_length&gt;15&lt;/field_length&gt;&lt;/AddField&gt;&lt;/workflow&gt;&lt;workflow&gt;&lt;AddField&gt;&lt;field_name&gt;Rtwp&lt;/field_name&gt;&lt;field_type&gt;TEXT&lt;/field_type&gt;&lt;field_alias&gt;Rtwp&lt;/field_alias&gt;&lt;field_is_nullable&gt;TRUE&lt;/field_is_nullable&gt;&lt;field_length&gt;7&lt;/field_length&gt;&lt;/AddField&gt;&lt;/workflow&gt;&lt;workflow&gt;&lt;AddField&gt;&lt;field_name&gt;D_A_or_NA&lt;/field_name&gt;&lt;field_type&gt;TEXT&lt;/field_type&gt;&lt;field_alias&gt;D_A_or_NA&lt;/field_alias&gt;&lt;field_is_nullable&gt;TRUE&lt;/field_is_nullable&gt;&lt;field_length&gt;3&lt;/field_length&gt;&lt;/AddField&gt;&lt;/workflow&gt;&lt;workflow&gt;&lt;AddField&gt;&lt;field_name&gt;Lot_Num&lt;/field_name&gt;&lt;field_type&gt;Short&lt;/field_type&gt;&lt;field_alias&gt;Lot_Num&lt;/field_alias&gt;&lt;field_is_nullable&gt;TRUE&lt;/field_is_nullable&gt;&lt;field_length&gt;2&lt;/field_length&gt;&lt;/AddField&gt;&lt;/workflow&gt;&lt;workflow&gt;&lt;AddField&gt;&lt;field_name&gt;Deed_AC&lt;/field_name&gt;&lt;field_type&gt;DOUBLE&lt;/field_type&gt;&lt;field_alias&gt;Deed_AC&lt;/field_alias&gt;&lt;field_is_nullable&gt;TRUE&lt;/field_is_nullable&gt;&lt;field_length&gt;8&lt;/field_length&gt;&lt;/AddField&gt;&lt;/workflow&gt;&lt;workflow&gt;&lt;AddField&gt;&lt;field_name&gt;GIS_AC&lt;/field_name&gt;&lt;field_type&gt;DOUBLE&lt;/field_type&gt;&lt;field_alias&gt;GIS_AC&lt;/field_alias&gt;&lt;field_is_nullable&gt;TRUE&lt;/field_is_nullable&gt;&lt;field_length&gt;8&lt;/field_length&gt;&lt;/AddField&gt;&lt;/workflow&gt;&lt;workflow&gt;&lt;AddField&gt;&lt;field_name&gt;Lease&lt;/field_name&gt;&lt;field_type&gt;TEXT&lt;/field_type&gt;&lt;field_alias&gt;Lease&lt;/field_alias&gt;&lt;field_is_nullable&gt;TRUE&lt;/field_is_nullable&gt;&lt;field_length&gt;10&lt;/field_length&gt;&lt;/AddField&gt;&lt;/workflow&gt;&lt;workflow&gt;&lt;AddField&gt;&lt;field_name&gt;Lease_exp&lt;/field_name&gt;&lt;field_type&gt;Short&lt;/field_type&gt;&lt;field_alias&gt;Lease_exp&lt;/field_alias&gt;&lt;field_is_nullable&gt;TRUE&lt;/field_is_nullable&gt;&lt;field_length&gt;2&lt;/field_length&gt;&lt;/AddField&gt;&lt;/workflow&gt;&lt;workflow&gt;&lt;AddField&gt;&lt;field_name&gt;LeaseID&lt;/field_name&gt;&lt;field_type&gt;TEXT&lt;/field_type&gt;&lt;field_alias&gt;Lease ID&lt;/field_alias&gt;&lt;field_is_nullable&gt;TRUE&lt;/field_is_nullable&gt;&lt;field_length&gt;15&lt;/field_length&gt;&lt;/AddField&gt;&lt;/workflow&gt;&lt;workflow&gt;&lt;AddField&gt;&lt;field_name&gt;Plat_Num&lt;/field_name&gt;&lt;field_type&gt;TEXT&lt;/field_type&gt;&lt;field_alias&gt;Plat_Num&lt;/field_alias&gt;&lt;field_is_nullable&gt;TRUE&lt;/field_is_nullable&gt;&lt;field_length&gt;5&lt;/field_length&gt;&lt;/AddField&gt;&lt;/workflow&gt;&lt;workflow&gt;&lt;AddField&gt;&lt;field_name&gt;Shape_Leng&lt;/field_name&gt;&lt;field_type&gt;DOUBLE&lt;/field_type&gt;&lt;field_alias&gt;Shape_Leng&lt;/field_alias&gt;&lt;field_is_nullable&gt;TRUE&lt;/field_is_nullable&gt;&lt;field_length&gt;8&lt;/field_length&gt;&lt;/AddField&gt;&lt;/workflow&gt;&lt;workflow&gt;&lt;AddField&gt;&lt;field_name&gt;Dir&lt;/field_name&gt;&lt;field_type&gt;TEXT&lt;/field_type&gt;&lt;field_alias&gt;Dir&lt;/field_alias&gt;&lt;field_is_nullable&gt;TRUE&lt;/field_is_nullable&gt;&lt;field_length&gt;1&lt;/field_length&gt;&lt;/AddField&gt;&lt;/workflow&gt;&lt;workflow&gt;&lt;AddField&gt;&lt;field_name&gt;Quarter_ID&lt;/field_name&gt;&lt;field_type&gt;Short&lt;/field_type&gt;&lt;field_alias&gt;Quarter_ID&lt;/field_alias&gt;&lt;field_is_nullable&gt;TRUE&lt;/field_is_nullable&gt;&lt;field_length&gt;2&lt;/field_length&gt;&lt;/AddField&gt;&lt;/workflow&gt;&lt;workflow&gt;&lt;AddField&gt;&lt;field_name&gt;SubLot&lt;/field_name&gt;&lt;field_type&gt;Short&lt;/field_type&gt;&lt;field_alias&gt;SubLot&lt;/field_alias&gt;&lt;field_is_nullable&gt;TRUE&lt;/field_is_nullable&gt;&lt;field_length&gt;2&lt;/field_length&gt;&lt;/AddField&gt;&lt;/workflow&gt;&lt;workflow&gt;&lt;AddField&gt;&lt;field_name&gt;Note_1&lt;/field_name&gt;&lt;field_type&gt;TEXT&lt;/field_type&gt;&lt;field_alias&gt;Note_1&lt;/field_alias&gt;&lt;field_is_nullable&gt;TRUE&lt;/field_is_nullable&gt;&lt;field_length&gt;254&lt;/field_length&gt;&lt;/AddField&gt;&lt;/workflow&gt;&lt;workflow&gt;&lt;AddField&gt;&lt;field_name&gt;Note_2&lt;/field_name&gt;&lt;field_type&gt;TEXT&lt;/field_type&gt;&lt;field_alias&gt;Note_2&lt;/field_alias&gt;&lt;field_is_nullable&gt;TRUE&lt;/field_is_nullable&gt;&lt;field_length&gt;254&lt;/field_length&gt;&lt;/AddField&gt;&lt;/workflow&gt;&lt;workflow&gt;&lt;AddField&gt;&lt;field_name&gt;Twp&lt;/field_name&gt;&lt;field_type&gt;TEXT&lt;/field_type&gt;&lt;field_alias&gt;Twp&lt;/field_alias&gt;&lt;field_is_nullable&gt;TRUE&lt;/field_is_nullable&gt;&lt;field_length&gt;2&lt;/field_length&gt;&lt;/AddField&gt;&lt;/workflow&gt;&lt;workflow&gt;&lt;AddField&gt;&lt;field_name&gt;Rng&lt;/field_name&gt;&lt;field_type&gt;TEXT&lt;/field_type&gt;&lt;field_alias&gt;Rng&lt;/field_alias&gt;&lt;field_is_nullable&gt;TRUE&lt;/field_is_nullable&gt;&lt;field_length&gt;2&lt;/field_length&gt;&lt;/AddField&gt;&lt;/workflow&gt;&lt;workflow&gt;&lt;AddField&gt;&lt;field_name&gt;Sec&lt;/field_name&gt;&lt;field_type&gt;TEXT&lt;/field_type&gt;&lt;field_alias&gt;Sec&lt;/field_alias&gt;&lt;field_is_nullable&gt;TRUE&lt;/field_is_nullable&gt;&lt;field_length&gt;2&lt;/field_length&gt;&lt;/AddField&gt;&lt;/workflow&gt;&lt;workflow&gt;&lt;AddField&gt;&lt;field_name&gt;F_Diff&lt;/field_name&gt;&lt;field_type&gt;DOUBLE&lt;/field_type&gt;&lt;field_alias&gt;F_Diff&lt;/field_alias&gt;&lt;field_is_nullable&gt;TRUE&lt;/field_is_nullable&gt;&lt;field_length&gt;8&lt;/field_length&gt;&lt;/AddField&gt;&lt;/workflow&gt;&lt;workflow&gt;&lt;AddField&gt;&lt;field_name&gt;Tax_AC&lt;/field_name&gt;&lt;field_type&gt;DOUBLE&lt;/field_type&gt;&lt;field_alias&gt;Tax_AC&lt;/field_alias&gt;&lt;field_is_nullable&gt;TRUE&lt;/field_is_nullable&gt;&lt;field_length&gt;8&lt;/field_length&gt;&lt;/AddField&gt;&lt;/workflow&gt;&lt;workflow&gt;&lt;AddField&gt;&lt;field_name&gt;Co_Tax_ID&lt;/field_name&gt;&lt;field_type&gt;TEXT&lt;/field_type&gt;&lt;field_alias&gt;Co_Tax_ID&lt;/field_alias&gt;&lt;field_is_nullable&gt;TRUE&lt;/field_is_nullable&gt;&lt;field_length&gt;50&lt;/field_length&gt;&lt;/AddField&gt;&lt;/workflow&gt;&lt;workflow&gt;&lt;AddField&gt;&lt;field_name&gt;STR&lt;/field_name&gt;&lt;field_type&gt;TEXT&lt;/field_type&gt;&lt;field_alias&gt;STR&lt;/field_alias&gt;&lt;field_is_nullable&gt;TRUE&lt;/field_is_nullable&gt;&lt;field_length&gt;20&lt;/field_length&gt;&lt;/AddField&gt;&lt;/workflow&gt;&lt;workflow&gt;&lt;AddField&gt;&lt;field_name&gt;County_STR&lt;/field_name&gt;&lt;field_type&gt;TEXT&lt;/field_type&gt;&lt;field_alias&gt;County_STR&lt;/field_alias&gt;&lt;field_is_nullable&gt;TRUE&lt;/field_is_nullable&gt;&lt;field_length&gt;50&lt;/field_length&gt;&lt;/AddField&gt;&lt;/workflow&gt;&lt;workflow&gt;&lt;AddField&gt;&lt;field_name&gt;Tax_Link&lt;/field_name&gt;&lt;field_type&gt;TEXT&lt;/field_type&gt;&lt;field_alias&gt;Tax_Link&lt;/field_alias&gt;&lt;field_is_nullable&gt;TRUE&lt;/field_is_nullable&gt;&lt;field_length&gt;255&lt;/field_length&gt;&lt;/AddField&gt;&lt;/workflow&gt;&lt;workflow&gt;&lt;AddField&gt;&lt;field_name&gt;Deed_Link&lt;/field_name&gt;&lt;field_type&gt;TEXT&lt;/field_type&gt;&lt;field_alias&gt;Deed_Link&lt;/field_alias&gt;&lt;field_is_nullable&gt;TRUE&lt;/field_is_nullable&gt;&lt;field_length&gt;255&lt;/field_length&gt;&lt;/AddField&gt;&lt;/workflow&gt;&lt;workflow&gt;&lt;AddField&gt;&lt;field_name&gt;Lease_Link&lt;/field_name&gt;&lt;field_type&gt;TEXT&lt;/field_type&gt;&lt;field_alias&gt;Lease_Link&lt;/field_alias&gt;&lt;field_is_nullable&gt;TRUE&lt;/field_is_nullable&gt;&lt;field_length&gt;255&lt;/field_length&gt;&lt;/AddField&gt;&lt;/workflow&gt;&lt;workflow&gt;&lt;AddField&gt;&lt;field_name&gt;Plat_Link&lt;/field_name&gt;&lt;field_type&gt;TEXT&lt;/field_type&gt;&lt;field_alias&gt;Plat Link&lt;/field_alias&gt;&lt;field_is_nullable&gt;TRUE&lt;/field_is_nullable&gt;&lt;field_length&gt;255&lt;/field_length&gt;&lt;/AddField&gt;&lt;/workflow&gt;&lt;workflow&gt;&lt;AddField&gt;&lt;field_name&gt;Plat_ID&lt;/field_name&gt;&lt;field_type&gt;TEXT&lt;/field_type&gt;&lt;field_alias&gt;Plat ID&lt;/field_alias&gt;&lt;field_is_nullable&gt;TRUE&lt;/field_is_nullable&gt;&lt;field_length&gt;50&lt;/field_length&gt;&lt;/AddField&gt;&lt;/workflow&gt;&lt;workflow&gt;&lt;AddField&gt;&lt;field_name&gt;wcounty&lt;/field_name&gt;&lt;field_type&gt;TEXT&lt;/field_type&gt;&lt;field_alias&gt;wcounty&lt;/field_alias&gt;&lt;field_is_nullable&gt;TRUE&lt;/field_is_nullable&gt;&lt;field_length&gt;20&lt;/field_length&gt;&lt;/AddField&gt;&lt;/workflow&gt;&lt;workflow&gt;&lt;AddField&gt;&lt;field_name&gt;FieldRep&lt;/field_name&gt;&lt;field_type&gt;TEXT&lt;/field_type&gt;&lt;field_alias&gt;Field Rep&lt;/field_alias&gt;&lt;field_is_nullable&gt;TRUE&lt;/field_is_nullable&gt;&lt;field_length&gt;20&lt;/field_length&gt;&lt;/AddField&gt;&lt;/workflow&gt;&lt;workflow&gt;&lt;AddField&gt;&lt;field_name&gt;NRD_Name&lt;/field_name&gt;&lt;field_type&gt;TEXT&lt;/field_type&gt;&lt;field_alias&gt;NRD_Name&lt;/field_alias&gt;&lt;field_is_nullable&gt;TRUE&lt;/field_is_nullable&gt;&lt;field_length&gt;30&lt;/field_length&gt;&lt;/AddField&gt;&lt;/workflow&gt;&lt;workflow&gt;&lt;AddField&gt;&lt;field_name&gt;Surv_Link&lt;/field_name&gt;&lt;field_type&gt;TEXT&lt;/field_type&gt;&lt;field_alias&gt;Survey Plat&lt;/field_alias&gt;&lt;field_is_nullable&gt;TRUE&lt;/field_is_nullable&gt;&lt;field_length&gt;255&lt;/field_length&gt;&lt;/AddField&gt;&lt;/workflow&gt;&lt;workflow&gt;&lt;AddField&gt;&lt;field_name&gt;PrevLease&lt;/field_name&gt;&lt;field_type&gt;TEXT&lt;/field_type&gt;&lt;field_alias&gt;Previous Lease&lt;/field_alias&gt;&lt;field_is_nullable&gt;TRUE&lt;/field_is_nullable&gt;&lt;field_length&gt;10&lt;/field_length&gt;&lt;/AddField&gt;&lt;/workflow&gt;&lt;workflow&gt;&lt;AddField&gt;&lt;field_name&gt;LeaseOld2&lt;/field_name&gt;&lt;field_type&gt;TEXT&lt;/field_type&gt;&lt;field_alias&gt;Lease Old2&lt;/field_alias&gt;&lt;field_is_nullable&gt;TRUE&lt;/field_is_nullable&gt;&lt;field_length&gt;10&lt;/field_length&gt;&lt;/AddField&gt;&lt;/workflow&gt;&lt;workflow&gt;&lt;AddField&gt;&lt;field_name&gt;SpecialCode&lt;/field_name&gt;&lt;field_type&gt;Short&lt;/field_type&gt;&lt;field_alias&gt;Special Code&lt;/field_alias&gt;&lt;field_is_nullable&gt;TRUE&lt;/field_is_nullable&gt;&lt;field_length&gt;2&lt;/field_length&gt;&lt;/AddField&gt;&lt;/workflow&gt;&lt;workflow&gt;&lt;AddField&gt;&lt;field_name&gt;FundCode&lt;/field_name&gt;&lt;field_type&gt;Short&lt;/field_type&gt;&lt;field_alias&gt;Fund Code&lt;/field_alias&gt;&lt;field_is_nullable&gt;TRUE&lt;/field_is_nullable&gt;&lt;field_length&gt;2&lt;/field_length&gt;&lt;/AddField&gt;&lt;/workflow&gt;&lt;workflow&gt;&lt;AddField&gt;&lt;field_name&gt;Fund_Desc&lt;/field_name&gt;&lt;field_type&gt;TEXT&lt;/field_type&gt;&lt;field_alias&gt;Fund Description&lt;/field_alias&gt;&lt;field_is_nullable&gt;TRUE&lt;/field_is_nullable&gt;&lt;field_length&gt;50&lt;/field_length&gt;&lt;/AddField&gt;&lt;/workflow&gt;&lt;workflow&gt;&lt;AddField&gt;&lt;field_name&gt;SpecialDesc&lt;/field_name&gt;&lt;field_type&gt;TEXT&lt;/field_type&gt;&lt;field_alias&gt;Special Description&lt;/field_alias&gt;&lt;field_is_nullable&gt;TRUE&lt;/field_is_nullable&gt;&lt;field_length&gt;50&lt;/field_length&gt;&lt;/AddField&gt;&lt;/workflow&gt;&lt;workflow&gt;&lt;AddField&gt;&lt;field_name&gt;PrevBonus&lt;/field_name&gt;&lt;field_type&gt;Long&lt;/field_type&gt;&lt;field_alias&gt;Previous Bonus&lt;/field_alias&gt;&lt;field_is_nullable&gt;TRUE&lt;/field_is_nullable&gt;&lt;field_length&gt;4&lt;/field_length&gt;&lt;/AddField&gt;&lt;/workflow&gt;&lt;workflow&gt;&lt;AddField&gt;&lt;field_name&gt;LeaseBonus&lt;/field_name&gt;&lt;field_type&gt;Long&lt;/field_type&gt;&lt;field_alias&gt;Lease Bonus&lt;/field_alias&gt;&lt;field_is_nullable&gt;TRUE&lt;/field_is_nullable&gt;&lt;field_length&gt;4&lt;/field_length&gt;&lt;/AddField&gt;&lt;/workflow&gt;&lt;workflow&gt;&lt;AddField&gt;&lt;field_name&gt;LeaseOld&lt;/field_name&gt;&lt;field_type&gt;TEXT&lt;/field_type&gt;&lt;field_alias&gt;Lease Old&lt;/field_alias&gt;&lt;field_is_nullable&gt;TRUE&lt;/field_is_nullable&gt;&lt;field_length&gt;15&lt;/field_length&gt;&lt;/AddField&gt;&lt;/workflow&gt;&lt;workflow&gt;&lt;AddField&gt;&lt;field_name&gt;FSAFarmNum&lt;/field_name&gt;&lt;field_type&gt;TEXT&lt;/field_type&gt;&lt;field_alias&gt;FSA Farm Num&lt;/field_alias&gt;&lt;field_is_nullable&gt;TRUE&lt;/field_is_nullable&gt;&lt;field_length&gt;255&lt;/field_length&gt;&lt;/AddField&gt;&lt;/workflow&gt;&lt;workflow&gt;&lt;AddField&gt;&lt;field_name&gt;created_user&lt;/field_name&gt;&lt;field_type&gt;TEXT&lt;/field_type&gt;&lt;field_alias&gt;created_user&lt;/field_alias&gt;&lt;field_is_nullable&gt;TRUE&lt;/field_is_nullable&gt;&lt;field_length&gt;255&lt;/field_length&gt;&lt;/AddField&gt;&lt;/workflow&gt;&lt;workflow&gt;&lt;AddField&gt;&lt;field_name&gt;created_date&lt;/field_name&gt;&lt;field_type&gt;DATE&lt;/field_type&gt;&lt;field_alias&gt;created_date&lt;/field_alias&gt;&lt;field_is_nullable&gt;TRUE&lt;/field_is_nullable&gt;&lt;field_length&gt;8&lt;/field_length&gt;&lt;/AddField&gt;&lt;/workflow&gt;&lt;workflow&gt;&lt;AddField&gt;&lt;field_name&gt;last_edited_user&lt;/field_name&gt;&lt;field_type&gt;TEXT&lt;/field_type&gt;&lt;field_alias&gt;last_edited_user&lt;/field_alias&gt;&lt;field_is_nullable&gt;TRUE&lt;/field_is_nullable&gt;&lt;field_length&gt;255&lt;/field_length&gt;&lt;/AddField&gt;&lt;/workflow&gt;&lt;workflow&gt;&lt;AddField&gt;&lt;field_name&gt;last_edited_date&lt;/field_name&gt;&lt;field_type&gt;DATE&lt;/field_type&gt;&lt;field_alias&gt;last_edited_date&lt;/field_alias&gt;&lt;field_is_nullable&gt;TRUE&lt;/field_is_nullable&gt;&lt;field_length&gt;8&lt;/field_length&gt;&lt;/AddField&gt;&lt;/workflow&gt;&lt;/operationSequence&gt;"</Process><Process ToolSource="d:\program files\arcgis\pro\Resources\ArcToolbox\toolboxes\Data Management Tools.tbx\Append" Date="20201217" Time="151648">Append C:\Users\trisha.schlake\AppData\Roaming\Esri\ArcGISPro\Favorites\CAT.SSO.DEF.SSO.sde\SSO_GIS.SSO.BELF_QuarterBase C:\Users\trisha.schlake\AppData\Local\Temp\1\ArcGISProTemp9596\4227dd79-a419-46df-ba34-0d4c9257baf6\Default.gdb\BELF_QuarterBase "Use the Field Map to reconcile schema differences" "OBJECTID_1 "OBJECTID" true true false 4 Long 0 0,First,#,C:\Users\trisha.schlake\AppData\Roaming\Esri\ArcGISPro\Favorites\CAT.SSO.DEF.SSO.sde\SSO_GIS.SSO.BELF_QuarterBase,OBJECTID_1,-1,-1;Legal "Legal" true true false 254 Text 0 0,First,#,C:\Users\trisha.schlake\AppData\Roaming\Esri\ArcGISPro\Favorites\CAT.SSO.DEF.SSO.sde\SSO_GIS.SSO.BELF_QuarterBase,Legal,0,254;ID "ID" true true false 8 Double 0 0,First,#,C:\Users\trisha.schlake\AppData\Roaming\Esri\ArcGISPro\Favorites\CAT.SSO.DEF.SSO.sde\SSO_GIS.SSO.BELF_QuarterBase,ID,-1,-1;BELF_Area "BELF_Area" true true false 8 Double 0 0,First,#,C:\Users\trisha.schlake\AppData\Roaming\Esri\ArcGISPro\Favorites\CAT.SSO.DEF.SSO.sde\SSO_GIS.SSO.BELF_QuarterBase,SSO_GIS.SSO.BELF_QuarterBase.AREA,-1,-1;PERIMETER "PERIMETER" true true false 8 Double 0 0,First,#,C:\Users\trisha.schlake\AppData\Roaming\Esri\ArcGISPro\Favorites\CAT.SSO.DEF.SSO.sde\SSO_GIS.SSO.BELF_QuarterBase,PERIMETER,-1,-1;LINKS_QTY "LINKS_QTY" true true false 8 Double 0 0,First,#,C:\Users\trisha.schlake\AppData\Roaming\Esri\ArcGISPro\Favorites\CAT.SSO.DEF.SSO.sde\SSO_GIS.SSO.BELF_QuarterBase,LINKS_QTY,-1,-1;Min_lease "Min_lease" true true false 4 Long 0 0,First,#,C:\Users\trisha.schlake\AppData\Roaming\Esri\ArcGISPro\Favorites\CAT.SSO.DEF.SSO.sde\SSO_GIS.SSO.BELF_QuarterBase,Min_lease,-1,-1;Min_Code "Min_Code" true true false 5 Text 0 0,First,#,C:\Users\trisha.schlake\AppData\Roaming\Esri\ArcGISPro\Favorites\CAT.SSO.DEF.SSO.sde\SSO_GIS.SSO.BELF_QuarterBase,Min_Code,0,5;Deed_Rec "Deed_Rec" true true false 20 Text 0 0,First,#,C:\Users\trisha.schlake\AppData\Roaming\Esri\ArcGISPro\Favorites\CAT.SSO.DEF.SSO.sde\SSO_GIS.SSO.BELF_QuarterBase,Deed_Rec,0,20;Deed_Date "Deed_Date" true true false 8 Date 0 0,First,#,C:\Users\trisha.schlake\AppData\Roaming\Esri\ArcGISPro\Favorites\CAT.SSO.DEF.SSO.sde\SSO_GIS.SSO.BELF_QuarterBase,Deed_Date,-1,-1;WhomDeeded "WhomDeeded" true true false 50 Text 0 0,First,#,C:\Users\trisha.schlake\AppData\Roaming\Esri\ArcGISPro\Favorites\CAT.SSO.DEF.SSO.sde\SSO_GIS.SSO.BELF_QuarterBase,WhomDeeded,0,50;County_Num "County_Num" true true false 2 Short 0 0,First,#,C:\Users\trisha.schlake\AppData\Roaming\Esri\ArcGISPro\Favorites\CAT.SSO.DEF.SSO.sde\SSO_GIS.SSO.BELF_QuarterBase,County_Num,-1,-1;County "County" true true false 15 Text 0 0,First,#,C:\Users\trisha.schlake\AppData\Roaming\Esri\ArcGISPro\Favorites\CAT.SSO.DEF.SSO.sde\SSO_GIS.SSO.BELF_QuarterBase,County,0,15;Rtwp "Rtwp" true true false 7 Text 0 0,First,#,C:\Users\trisha.schlake\AppData\Roaming\Esri\ArcGISPro\Favorites\CAT.SSO.DEF.SSO.sde\SSO_GIS.SSO.BELF_QuarterBase,Rtwp,0,7;D_A_or_NA "D_A_or_NA" true true false 3 Text 0 0,First,#,C:\Users\trisha.schlake\AppData\Roaming\Esri\ArcGISPro\Favorites\CAT.SSO.DEF.SSO.sde\SSO_GIS.SSO.BELF_QuarterBase,D_A_or_NA,0,3;Lot_Num "Lot_Num" true true false 2 Short 0 0,First,#,C:\Users\trisha.schlake\AppData\Roaming\Esri\ArcGISPro\Favorites\CAT.SSO.DEF.SSO.sde\SSO_GIS.SSO.BELF_QuarterBase,Lot_Num,-1,-1;Deed_AC "Deed_AC" true true false 8 Double 0 0,First,#,C:\Users\trisha.schlake\AppData\Roaming\Esri\ArcGISPro\Favorites\CAT.SSO.DEF.SSO.sde\SSO_GIS.SSO.BELF_QuarterBase,Deed_AC,-1,-1;GIS_AC "GIS_AC" true true false 8 Double 0 0,First,#,C:\Users\trisha.schlake\AppData\Roaming\Esri\ArcGISPro\Favorites\CAT.SSO.DEF.SSO.sde\SSO_GIS.SSO.BELF_QuarterBase,GIS_AC,-1,-1;Lease "Lease" true true false 10 Text 0 0,First,#,C:\Users\trisha.schlake\AppData\Roaming\Esri\ArcGISPro\Favorites\CAT.SSO.DEF.SSO.sde\SSO_GIS.SSO.BELF_QuarterBase,Lease,0,10;Lease_exp "Lease_exp" true true false 2 Short 0 0,First,#,C:\Users\trisha.schlake\AppData\Roaming\Esri\ArcGISPro\Favorites\CAT.SSO.DEF.SSO.sde\SSO_GIS.SSO.BELF_QuarterBase,Lease_exp,-1,-1;LeaseID "Lease ID" true true false 15 Text 0 0,First,#,C:\Users\trisha.schlake\AppData\Roaming\Esri\ArcGISPro\Favorites\CAT.SSO.DEF.SSO.sde\SSO_GIS.SSO.BELF_QuarterBase,LeaseID,0,15;Plat_Num "Plat_Num" true true false 5 Text 0 0,First,#,C:\Users\trisha.schlake\AppData\Roaming\Esri\ArcGISPro\Favorites\CAT.SSO.DEF.SSO.sde\SSO_GIS.SSO.BELF_QuarterBase,Plat_Num,0,5;Shape_Leng "Shape_Leng" true true false 8 Double 0 0,First,#,C:\Users\trisha.schlake\AppData\Roaming\Esri\ArcGISPro\Favorites\CAT.SSO.DEF.SSO.sde\SSO_GIS.SSO.BELF_QuarterBase,Shape_Leng,-1,-1;Dir "Dir" true true false 1 Text 0 0,First,#,C:\Users\trisha.schlake\AppData\Roaming\Esri\ArcGISPro\Favorites\CAT.SSO.DEF.SSO.sde\SSO_GIS.SSO.BELF_QuarterBase,Dir,0,1;Quarter_ID "Quarter_ID" true true false 2 Short 0 0,First,#,C:\Users\trisha.schlake\AppData\Roaming\Esri\ArcGISPro\Favorites\CAT.SSO.DEF.SSO.sde\SSO_GIS.SSO.BELF_QuarterBase,Quarter_ID,-1,-1;SubLot "SubLot" true true false 2 Short 0 0,First,#,C:\Users\trisha.schlake\AppData\Roaming\Esri\ArcGISPro\Favorites\CAT.SSO.DEF.SSO.sde\SSO_GIS.SSO.BELF_QuarterBase,SubLot,-1,-1;Note_1 "Note_1" true true false 254 Text 0 0,First,#,C:\Users\trisha.schlake\AppData\Roaming\Esri\ArcGISPro\Favorites\CAT.SSO.DEF.SSO.sde\SSO_GIS.SSO.BELF_QuarterBase,Note_1,0,254;Note_2 "Note_2" true true false 254 Text 0 0,First,#,C:\Users\trisha.schlake\AppData\Roaming\Esri\ArcGISPro\Favorites\CAT.SSO.DEF.SSO.sde\SSO_GIS.SSO.BELF_QuarterBase,Note_2,0,254;Twp "Twp" true true false 2 Text 0 0,First,#,C:\Users\trisha.schlake\AppData\Roaming\Esri\ArcGISPro\Favorites\CAT.SSO.DEF.SSO.sde\SSO_GIS.SSO.BELF_QuarterBase,Twp,0,2;Rng "Rng" true true false 2 Text 0 0,First,#,C:\Users\trisha.schlake\AppData\Roaming\Esri\ArcGISPro\Favorites\CAT.SSO.DEF.SSO.sde\SSO_GIS.SSO.BELF_QuarterBase,Rng,0,2;Sec "Sec" true true false 2 Text 0 0,First,#,C:\Users\trisha.schlake\AppData\Roaming\Esri\ArcGISPro\Favorites\CAT.SSO.DEF.SSO.sde\SSO_GIS.SSO.BELF_QuarterBase,Sec,0,2;F_Diff "F_Diff" true true false 8 Double 0 0,First,#,C:\Users\trisha.schlake\AppData\Roaming\Esri\ArcGISPro\Favorites\CAT.SSO.DEF.SSO.sde\SSO_GIS.SSO.BELF_QuarterBase,F_Diff,-1,-1;Tax_AC "Tax_AC" true true false 8 Double 0 0,First,#,C:\Users\trisha.schlake\AppData\Roaming\Esri\ArcGISPro\Favorites\CAT.SSO.DEF.SSO.sde\SSO_GIS.SSO.BELF_QuarterBase,Tax_AC,-1,-1;Co_Tax_ID "Co_Tax_ID" true true false 50 Text 0 0,First,#,C:\Users\trisha.schlake\AppData\Roaming\Esri\ArcGISPro\Favorites\CAT.SSO.DEF.SSO.sde\SSO_GIS.SSO.BELF_QuarterBase,Co_Tax_ID,0,50;STR "STR" true true false 20 Text 0 0,First,#,C:\Users\trisha.schlake\AppData\Roaming\Esri\ArcGISPro\Favorites\CAT.SSO.DEF.SSO.sde\SSO_GIS.SSO.BELF_QuarterBase,STR,0,20;County_STR "County_STR" true true false 50 Text 0 0,First,#,C:\Users\trisha.schlake\AppData\Roaming\Esri\ArcGISPro\Favorites\CAT.SSO.DEF.SSO.sde\SSO_GIS.SSO.BELF_QuarterBase,County_STR,0,50;Tax_Link "Tax_Link" true true false 255 Text 0 0,First,#,C:\Users\trisha.schlake\AppData\Roaming\Esri\ArcGISPro\Favorites\CAT.SSO.DEF.SSO.sde\SSO_GIS.SSO.BELF_QuarterBase,Tax_Link,0,255;Deed_Link "Deed_Link" true true false 255 Text 0 0,First,#,C:\Users\trisha.schlake\AppData\Roaming\Esri\ArcGISPro\Favorites\CAT.SSO.DEF.SSO.sde\SSO_GIS.SSO.BELF_QuarterBase,Deed_Link,0,255;Lease_Link "Lease_Link" true true false 255 Text 0 0,First,#,C:\Users\trisha.schlake\AppData\Roaming\Esri\ArcGISPro\Favorites\CAT.SSO.DEF.SSO.sde\SSO_GIS.SSO.BELF_QuarterBase,Lease_Link,0,255;Plat_Link "Plat Link" true true false 255 Text 0 0,First,#,C:\Users\trisha.schlake\AppData\Roaming\Esri\ArcGISPro\Favorites\CAT.SSO.DEF.SSO.sde\SSO_GIS.SSO.BELF_QuarterBase,Plat_Link,0,255;Plat_ID "Plat ID" true true false 50 Text 0 0,First,#,C:\Users\trisha.schlake\AppData\Roaming\Esri\ArcGISPro\Favorites\CAT.SSO.DEF.SSO.sde\SSO_GIS.SSO.BELF_QuarterBase,Plat_ID,0,50;wcounty "wcounty" true true false 20 Text 0 0,First,#,C:\Users\trisha.schlake\AppData\Roaming\Esri\ArcGISPro\Favorites\CAT.SSO.DEF.SSO.sde\SSO_GIS.SSO.BELF_QuarterBase,wcounty,0,20;FieldRep "Field Rep" true true false 20 Text 0 0,First,#,C:\Users\trisha.schlake\AppData\Roaming\Esri\ArcGISPro\Favorites\CAT.SSO.DEF.SSO.sde\SSO_GIS.SSO.BELF_QuarterBase,FieldRep,0,20;NRD_Name "NRD_Name" true true false 30 Text 0 0,First,#,C:\Users\trisha.schlake\AppData\Roaming\Esri\ArcGISPro\Favorites\CAT.SSO.DEF.SSO.sde\SSO_GIS.SSO.BELF_QuarterBase,NRD_Name,0,30;Surv_Link "Survey Plat" true true false 255 Text 0 0,First,#,C:\Users\trisha.schlake\AppData\Roaming\Esri\ArcGISPro\Favorites\CAT.SSO.DEF.SSO.sde\SSO_GIS.SSO.BELF_QuarterBase,Surv_Link,0,255;PrevLease "Previous Lease" true true false 10 Text 0 0,First,#,C:\Users\trisha.schlake\AppData\Roaming\Esri\ArcGISPro\Favorites\CAT.SSO.DEF.SSO.sde\SSO_GIS.SSO.BELF_QuarterBase,PrevLease,0,10;LeaseOld2 "Lease Old2" true true false 10 Text 0 0,First,#,C:\Users\trisha.schlake\AppData\Roaming\Esri\ArcGISPro\Favorites\CAT.SSO.DEF.SSO.sde\SSO_GIS.SSO.BELF_QuarterBase,LeaseOld2,0,10;SpecialCode "Special Code" true true false 2 Short 0 0,First,#,C:\Users\trisha.schlake\AppData\Roaming\Esri\ArcGISPro\Favorites\CAT.SSO.DEF.SSO.sde\SSO_GIS.SSO.BELF_QuarterBase,SpecialCode,-1,-1;FundCode "Fund Code" true true false 2 Short 0 0,First,#,C:\Users\trisha.schlake\AppData\Roaming\Esri\ArcGISPro\Favorites\CAT.SSO.DEF.SSO.sde\SSO_GIS.SSO.BELF_QuarterBase,FundCode,-1,-1;Fund_Desc "Fund Description" true true false 50 Text 0 0,First,#,C:\Users\trisha.schlake\AppData\Roaming\Esri\ArcGISPro\Favorites\CAT.SSO.DEF.SSO.sde\SSO_GIS.SSO.BELF_QuarterBase,Fund_Desc,0,50;SpecialDesc "Special Description" true true false 50 Text 0 0,First,#,C:\Users\trisha.schlake\AppData\Roaming\Esri\ArcGISPro\Favorites\CAT.SSO.DEF.SSO.sde\SSO_GIS.SSO.BELF_QuarterBase,SpecialDesc,0,50;PrevBonus "Previous Bonus" true true false 4 Long 0 0,First,#,C:\Users\trisha.schlake\AppData\Roaming\Esri\ArcGISPro\Favorites\CAT.SSO.DEF.SSO.sde\SSO_GIS.SSO.BELF_QuarterBase,PrevBonus,-1,-1;LeaseBonus "Lease Bonus" true true false 4 Long 0 0,First,#,C:\Users\trisha.schlake\AppData\Roaming\Esri\ArcGISPro\Favorites\CAT.SSO.DEF.SSO.sde\SSO_GIS.SSO.BELF_QuarterBase,LeaseBonus,-1,-1;LeaseOld "Lease Old" true true false 15 Text 0 0,First,#,C:\Users\trisha.schlake\AppData\Roaming\Esri\ArcGISPro\Favorites\CAT.SSO.DEF.SSO.sde\SSO_GIS.SSO.BELF_QuarterBase,LeaseOld,0,15;FSAFarmNum "FSA Farm Num" true true false 255 Text 0 0,First,#,C:\Users\trisha.schlake\AppData\Roaming\Esri\ArcGISPro\Favorites\CAT.SSO.DEF.SSO.sde\SSO_GIS.SSO.BELF_QuarterBase,FSAFarmNum,0,255;created_user "created_user" true true false 255 Text 0 0,First,#,C:\Users\trisha.schlake\AppData\Roaming\Esri\ArcGISPro\Favorites\CAT.SSO.DEF.SSO.sde\SSO_GIS.SSO.BELF_QuarterBase,created_user,0,255;created_date "created_date" true true false 8 Date 0 0,First,#,C:\Users\trisha.schlake\AppData\Roaming\Esri\ArcGISPro\Favorites\CAT.SSO.DEF.SSO.sde\SSO_GIS.SSO.BELF_QuarterBase,created_date,-1,-1;last_edited_user "last_edited_user" true true false 255 Text 0 0,First,#,C:\Users\trisha.schlake\AppData\Roaming\Esri\ArcGISPro\Favorites\CAT.SSO.DEF.SSO.sde\SSO_GIS.SSO.BELF_QuarterBase,last_edited_user,0,255;last_edited_date "last_edited_date" true true false 8 Date 0 0,First,#,C:\Users\trisha.schlake\AppData\Roaming\Esri\ArcGISPro\Favorites\CAT.SSO.DEF.SSO.sde\SSO_GIS.SSO.BELF_QuarterBase,last_edited_date,-1,-1" # #</Process><Process ToolSource="d:\program files\arcgis\pro\Resources\ArcToolbox\toolboxes\Data Management Tools.tbx\CalculateGeometryAttributes" Date="20201217" Time="151842">CalculateGeometryAttributes "BELF Quarter Base" "GIS_AC AREA" # Acres PROJCS['NAD_1983_StatePlane_Nebraska_FIPS_2600_Feet',GEOGCS['GCS_North_American_1983',DATUM['D_North_American_1983',SPHEROID['GRS_1980',6378137.0,298.257222101]],PRIMEM['Greenwich',0.0],UNIT['Degree',0.0174532925199433]],PROJECTION['Lambert_Conformal_Conic'],PARAMETER['False_Easting',1640416.666666667],PARAMETER['False_Northing',0.0],PARAMETER['Central_Meridian',-100.0],PARAMETER['Standard_Parallel_1',40.0],PARAMETER['Standard_Parallel_2',43.0],PARAMETER['Latitude_Of_Origin',39.83333333333334],UNIT['Foot_US',0.3048006096012192]] "Same as input"</Process><Process ToolSource="d:\program files\arcgis\pro\Resources\ArcToolbox\toolboxes\Data Management Tools.tbx\CalculateGeometryAttributes" Date="20201217" Time="151952">CalculateGeometryAttributes "BELF Quarter Base" "GIS_AC AREA" # Acres PROJCS['NAD_1983_StatePlane_Nebraska_FIPS_2600_Feet',GEOGCS['GCS_North_American_1983',DATUM['D_North_American_1983',SPHEROID['GRS_1980',6378137.0,298.257222101]],PRIMEM['Greenwich',0.0],UNIT['Degree',0.0174532925199433]],PROJECTION['Lambert_Conformal_Conic'],PARAMETER['False_Easting',1640416.666666667],PARAMETER['False_Northing',0.0],PARAMETER['Central_Meridian',-100.0],PARAMETER['Standard_Parallel_1',40.0],PARAMETER['Standard_Parallel_2',43.0],PARAMETER['Latitude_Of_Origin',39.83333333333334],UNIT['Foot_US',0.3048006096012192]] "Same as input"</Process><Process ToolSource="d:\program files\arcgis\pro\Resources\ArcToolbox\toolboxes\Conversion Tools.tbx\FeatureClassToFeatureClass" Date="20201217" Time="153431">FeatureClassToFeatureClass "BELF Quarter Base" C:\Users\trisha.schlake\AppData\Roaming\Esri\ArcGISPro\Favorites\CAT.SSO.DEF.SSO.sde BELF_QuarterBase # "Legal "Legal" true true false 254 Text 0 0,First,#,BELF Quarter Base,Legal,0,254;ID "ID" true true false 8 Double 0 0,First,#,BELF Quarter Base,ID,-1,-1;BELF_Area "BELF_Area" true true false 8 Double 0 0,First,#,BELF Quarter Base,BELF_Area,-1,-1;PERIMETER "PERIMETER" true true false 8 Double 0 0,First,#,BELF Quarter Base,PERIMETER,-1,-1;LINKS_QTY "LINKS_QTY" true true false 8 Double 0 0,First,#,BELF Quarter Base,LINKS_QTY,-1,-1;Min_lease "Min_lease" true true false 4 Long 0 0,First,#,BELF Quarter Base,Min_lease,-1,-1;Min_Code "Min_Code" true true false 5 Text 0 0,First,#,BELF Quarter Base,Min_Code,0,5;Deed_Rec "Deed_Rec" true true false 20 Text 0 0,First,#,BELF Quarter Base,Deed_Rec,0,20;Deed_Date "Deed_Date" true true false 8 Date 0 0,First,#,BELF Quarter Base,Deed_Date,-1,-1;WhomDeeded "WhomDeeded" true true false 50 Text 0 0,First,#,BELF Quarter Base,WhomDeeded,0,50;County_Num "County_Num" true true false 2 Short 0 0,First,#,BELF Quarter Base,County_Num,-1,-1;County "County" true true false 15 Text 0 0,First,#,BELF Quarter Base,County,0,15;Rtwp "Rtwp" true true false 7 Text 0 0,First,#,BELF Quarter Base,Rtwp,0,7;D_A_or_NA "D_A_or_NA" true true false 3 Text 0 0,First,#,BELF Quarter Base,D_A_or_NA,0,3;Lot_Num "Lot_Num" true true false 2 Short 0 0,First,#,BELF Quarter Base,Lot_Num,-1,-1;Deed_AC "Deed_AC" true true false 8 Double 0 0,First,#,BELF Quarter Base,Deed_AC,-1,-1;GIS_AC "GIS_AC" true true false 8 Double 0 0,First,#,BELF Quarter Base,GIS_AC,-1,-1;Lease "Lease" true true false 10 Text 0 0,First,#,BELF Quarter Base,Lease,0,10;Lease_exp "Lease_exp" true true false 2 Short 0 0,First,#,BELF Quarter Base,Lease_exp,-1,-1;LeaseID "Lease ID" true true false 15 Text 0 0,First,#,BELF Quarter Base,LeaseID,0,15;Plat_Num "Plat_Num" true true false 5 Text 0 0,First,#,BELF Quarter Base,Plat_Num,0,5;Shape_Leng "Shape_Leng" true true false 8 Double 0 0,First,#,BELF Quarter Base,Shape_Leng,-1,-1;Dir "Dir" true true false 1 Text 0 0,First,#,BELF Quarter Base,Dir,0,1;Quarter_ID "Quarter_ID" true true false 2 Short 0 0,First,#,BELF Quarter Base,Quarter_ID,-1,-1;SubLot "SubLot" true true false 2 Short 0 0,First,#,BELF Quarter Base,SubLot,-1,-1;Note_1 "Note_1" true true false 254 Text 0 0,First,#,BELF Quarter Base,Note_1,0,254;Note_2 "Note_2" true true false 254 Text 0 0,First,#,BELF Quarter Base,Note_2,0,254;Twp "Twp" true true false 2 Text 0 0,First,#,BELF Quarter Base,Twp,0,2;Rng "Rng" true true false 2 Text 0 0,First,#,BELF Quarter Base,Rng,0,2;Sec "Sec" true true false 2 Text 0 0,First,#,BELF Quarter Base,Sec,0,2;F_Diff "F_Diff" true true false 8 Double 0 0,First,#,BELF Quarter Base,F_Diff,-1,-1;Tax_AC "Tax_AC" true true false 8 Double 0 0,First,#,BELF Quarter Base,Tax_AC,-1,-1;Co_Tax_ID "Co_Tax_ID" true true false 50 Text 0 0,First,#,BELF Quarter Base,Co_Tax_ID,0,50;STR "STR" true true false 20 Text 0 0,First,#,BELF Quarter Base,STR,0,20;County_STR "County_STR" true true false 50 Text 0 0,First,#,BELF Quarter Base,County_STR,0,50;Tax_Link "Tax_Link" true true false 255 Text 0 0,First,#,BELF Quarter Base,Tax_Link,0,255;Deed_Link "Deed_Link" true true false 255 Text 0 0,First,#,BELF Quarter Base,Deed_Link,0,255;Lease_Link "Lease_Link" true true false 255 Text 0 0,First,#,BELF Quarter Base,Lease_Link,0,255;Plat_Link "Plat Link" true true false 255 Text 0 0,First,#,BELF Quarter Base,Plat_Link,0,255;Plat_ID "Plat ID" true true false 50 Text 0 0,First,#,BELF Quarter Base,Plat_ID,0,50;wcounty "wcounty" true true false 20 Text 0 0,First,#,BELF Quarter Base,wcounty,0,20;FieldRep "Field Rep" true true false 20 Text 0 0,First,#,BELF Quarter Base,FieldRep,0,20;NRD_Name "NRD_Name" true true false 30 Text 0 0,First,#,BELF Quarter Base,NRD_Name,0,30;Surv_Link "Survey Plat" true true false 255 Text 0 0,First,#,BELF Quarter Base,Surv_Link,0,255;PrevLease "Previous Lease" true true false 10 Text 0 0,First,#,BELF Quarter Base,PrevLease,0,10;LeaseOld2 "Lease Old2" true true false 10 Text 0 0,First,#,BELF Quarter Base,LeaseOld2,0,10;SpecialCode "Special Code" true true false 2 Short 0 0,First,#,BELF Quarter Base,SpecialCode,-1,-1;FundCode "Fund Code" true true false 2 Short 0 0,First,#,BELF Quarter Base,FundCode,-1,-1;Fund_Desc "Fund Description" true true false 50 Text 0 0,First,#,BELF Quarter Base,Fund_Desc,0,50;SpecialDesc "Special Description" true true false 50 Text 0 0,First,#,BELF Quarter Base,SpecialDesc,0,50;PrevBonus "Previous Bonus" true true false 4 Long 0 0,First,#,BELF Quarter Base,PrevBonus,-1,-1;LeaseBonus "Lease Bonus" true true false 4 Long 0 0,First,#,BELF Quarter Base,LeaseBonus,-1,-1;LeaseOld "Lease Old" true true false 15 Text 0 0,First,#,BELF Quarter Base,LeaseOld,0,15;FSAFarmNum "FSA Farm Num" true true false 255 Text 0 0,First,#,BELF Quarter Base,FSAFarmNum,0,255" #</Process><Process ToolSource="d:\program files\arcgis\pro\Resources\ArcToolbox\toolboxes\Data Management Tools.tbx\CalculateGeometryAttributes" Date="20201217" Time="153636">CalculateGeometryAttributes SSO_GIS.SSO.BELF_QuarterBase "GIS_AC AREA" # Acres PROJCS['NAD_1983_StatePlane_Nebraska_FIPS_2600_Feet',GEOGCS['GCS_North_American_1983',DATUM['D_North_American_1983',SPHEROID['GRS_1980',6378137.0,298.257222101]],PRIMEM['Greenwich',0.0],UNIT['Degree',0.0174532925199433]],PROJECTION['Lambert_Conformal_Conic'],PARAMETER['False_Easting',1640416.666666667],PARAMETER['False_Northing',0.0],PARAMETER['Central_Meridian',-100.0],PARAMETER['Standard_Parallel_1',40.0],PARAMETER['Standard_Parallel_2',43.0],PARAMETER['Latitude_Of_Origin',39.83333333333334],UNIT['Foot_US',0.3048006096012192]] "Same as input"</Process><Process ToolSource="d:\program files\arcgis\pro\Resources\ArcToolbox\toolboxes\Data Management Tools.tbx\RegisterAsVersioned" Date="20201217" Time="153735">RegisterAsVersioned C:\Users\trisha.schlake\AppData\Roaming\Esri\ArcGISPro\Favorites\CAT.SSO.DEF.SSO.sde\SSO_GIS.SSO.BELF_QuarterBase NO_EDITS_TO_BASE</Process><Process ToolSource="d:\program files\arcgis\pro\Resources\ArcToolbox\toolboxes\Data Management Tools.tbx\EnableEditorTracking" Date="20201217" Time="153800">EnableEditorTracking C:\Users\trisha.schlake\AppData\Roaming\Esri\ArcGISPro\Favorites\CAT.SSO.DEF.SSO.sde\SSO_GIS.SSO.BELF_QuarterBase created_user created_date last_edited_user last_edited_date ADD_FIELDS "UTC (Coordinated Universal Time)"</Process><Process ToolSource="d:\program files\arcgis\pro\Resources\ArcToolbox\toolboxes\Data Management Tools.tbx\CalculateGeometryAttributes" Date="20201217" Time="153848">CalculateGeometryAttributes SSO_GIS.SSO.BELF_QuarterBase "GIS_AC AREA" # Acres PROJCS['NAD_1983_StatePlane_Nebraska_FIPS_2600_Feet',GEOGCS['GCS_North_American_1983',DATUM['D_North_American_1983',SPHEROID['GRS_1980',6378137.0,298.257222101]],PRIMEM['Greenwich',0.0],UNIT['Degree',0.0174532925199433]],PROJECTION['Lambert_Conformal_Conic'],PARAMETER['False_Easting',1640416.666666667],PARAMETER['False_Northing',0.0],PARAMETER['Central_Meridian',-100.0],PARAMETER['Standard_Parallel_1',40.0],PARAMETER['Standard_Parallel_2',43.0],PARAMETER['Latitude_Of_Origin',39.83333333333334],UNIT['Foot_US',0.3048006096012192]] "Same as input"</Process><Process ToolSource="c:\program files\arcgis\pro\Resources\ArcToolbox\toolboxes\Data Management Tools.tbx\CalculateGeometryAttributes" Date="20201217" Time="154043">CalculateGeometryAttributes "BELF Quarter Base" "GIS_AC AREA" # Acres PROJCS['NAD_1983_StatePlane_Nebraska_FIPS_2600_Feet',GEOGCS['GCS_North_American_1983',DATUM['D_North_American_1983',SPHEROID['GRS_1980',6378137.0,298.257222101]],PRIMEM['Greenwich',0.0],UNIT['Degree',0.0174532925199433]],PROJECTION['Lambert_Conformal_Conic'],PARAMETER['False_Easting',1640416.666666667],PARAMETER['False_Northing',0.0],PARAMETER['Central_Meridian',-100.0],PARAMETER['Standard_Parallel_1',40.0],PARAMETER['Standard_Parallel_2',43.0],PARAMETER['Latitude_Of_Origin',39.83333333333334],UNIT['Foot_US',0.3048006096012192]] "Same as input"</Process><Process ToolSource="c:\program files\arcgis\pro\Resources\ArcToolbox\toolboxes\Data Management Tools.tbx\CalculateGeometryAttributes" Date="20201217" Time="154320">CalculateGeometryAttributes SSO_GIS.SSO.BELF_QuarterBase "GIS_AC AREA" # Acres PROJCS['NAD_1983_StatePlane_Nebraska_FIPS_2600_Feet',GEOGCS['GCS_North_American_1983',DATUM['D_North_American_1983',SPHEROID['GRS_1980',6378137.0,298.257222101]],PRIMEM['Greenwich',0.0],UNIT['Degree',0.0174532925199433]],PROJECTION['Lambert_Conformal_Conic'],PARAMETER['False_Easting',1640416.666666667],PARAMETER['False_Northing',0.0],PARAMETER['Central_Meridian',-100.0],PARAMETER['Standard_Parallel_1',40.0],PARAMETER['Standard_Parallel_2',43.0],PARAMETER['Latitude_Of_Origin',39.83333333333334],UNIT['Foot_US',0.3048006096012192]] "Same as input"</Process><Process ToolSource="c:\program files\arcgis\pro\Resources\ArcToolbox\toolboxes\Data Management Tools.tbx\CalculateGeometryAttributes" Date="20201217" Time="154621">CalculateGeometryAttributes SSO_GIS.SSO.BELF_QuarterBase "GIS_AC AREA" # Acres PROJCS['NAD_1983_StatePlane_Nebraska_FIPS_2600_Feet',GEOGCS['GCS_North_American_1983',DATUM['D_North_American_1983',SPHEROID['GRS_1980',6378137.0,298.257222101]],PRIMEM['Greenwich',0.0],UNIT['Degree',0.0174532925199433]],PROJECTION['Lambert_Conformal_Conic'],PARAMETER['False_Easting',1640416.666666667],PARAMETER['False_Northing',0.0],PARAMETER['Central_Meridian',-100.0],PARAMETER['Standard_Parallel_1',40.0],PARAMETER['Standard_Parallel_2',43.0],PARAMETER['Latitude_Of_Origin',39.83333333333334],UNIT['Foot_US',0.3048006096012192]] "Same as input"</Process><Process ToolSource="d:\program files\arcgis\pro\Resources\ArcToolbox\toolboxes\Data Management Tools.tbx\CalculateGeometryAttributes" Date="20201217" Time="154903">CalculateGeometryAttributes SSO_GIS.SSO.BELF_QuarterBase "GIS_AC AREA" # Acres PROJCS['NAD_1983_StatePlane_Nebraska_FIPS_2600_Feet',GEOGCS['GCS_North_American_1983',DATUM['D_North_American_1983',SPHEROID['GRS_1980',6378137.0,298.257222101]],PRIMEM['Greenwich',0.0],UNIT['Degree',0.0174532925199433]],PROJECTION['Lambert_Conformal_Conic'],PARAMETER['False_Easting',1640416.666666667],PARAMETER['False_Northing',0.0],PARAMETER['Central_Meridian',-100.0],PARAMETER['Standard_Parallel_1',40.0],PARAMETER['Standard_Parallel_2',43.0],PARAMETER['Latitude_Of_Origin',39.83333333333334],UNIT['Foot_US',0.3048006096012192]] "Same as input"</Process><Process ToolSource="c:\program files\arcgis\pro\Resources\ArcToolbox\toolboxes\Data Management Tools.tbx\CalculateGeometryAttributes" Date="20201217" Time="155233">CalculateGeometryAttributes SSO_GIS.SSO.BELF_QuarterBase "GIS_AC AREA" # Acres PROJCS['NAD_1983_StatePlane_Nebraska_FIPS_2600_Feet',GEOGCS['GCS_North_American_1983',DATUM['D_North_American_1983',SPHEROID['GRS_1980',6378137.0,298.257222101]],PRIMEM['Greenwich',0.0],UNIT['Degree',0.0174532925199433]],PROJECTION['Lambert_Conformal_Conic'],PARAMETER['False_Easting',1640416.666666667],PARAMETER['False_Northing',0.0],PARAMETER['Central_Meridian',-100.0],PARAMETER['Standard_Parallel_1',40.0],PARAMETER['Standard_Parallel_2',43.0],PARAMETER['Latitude_Of_Origin',39.83333333333334],UNIT['Foot_US',0.3048006096012192]] "Same as input"</Process><Process ToolSource="c:\program files\arcgis\pro\Resources\ArcToolbox\toolboxes\Data Management Tools.tbx\CalculateGeometryAttributes" Date="20201217" Time="155549">CalculateGeometryAttributes SSO_GIS.SSO.BELF_QuarterBase "GIS_AC AREA" # Acres PROJCS['NAD_1983_StatePlane_Nebraska_FIPS_2600_Feet',GEOGCS['GCS_North_American_1983',DATUM['D_North_American_1983',SPHEROID['GRS_1980',6378137.0,298.257222101]],PRIMEM['Greenwich',0.0],UNIT['Degree',0.0174532925199433]],PROJECTION['Lambert_Conformal_Conic'],PARAMETER['False_Easting',1640416.666666667],PARAMETER['False_Northing',0.0],PARAMETER['Central_Meridian',-100.0],PARAMETER['Standard_Parallel_1',40.0],PARAMETER['Standard_Parallel_2',43.0],PARAMETER['Latitude_Of_Origin',39.83333333333334],UNIT['Foot_US',0.3048006096012192]] "Same as input"</Process><Process ToolSource="c:\program files\arcgis\pro\Resources\ArcToolbox\toolboxes\Data Management Tools.tbx\CalculateGeometryAttributes" Date="20201218" Time="110803">CalculateGeometryAttributes SSO_GIS.SSO.BELF_QuarterBase "GIS_AC AREA" # Acres PROJCS['NAD_1983_StatePlane_Nebraska_FIPS_2600_Feet',GEOGCS['GCS_North_American_1983',DATUM['D_North_American_1983',SPHEROID['GRS_1980',6378137.0,298.257222101]],PRIMEM['Greenwich',0.0],UNIT['Degree',0.0174532925199433]],PROJECTION['Lambert_Conformal_Conic'],PARAMETER['False_Easting',1640416.666666667],PARAMETER['False_Northing',0.0],PARAMETER['Central_Meridian',-100.0],PARAMETER['Standard_Parallel_1',40.0],PARAMETER['Standard_Parallel_2',43.0],PARAMETER['Latitude_Of_Origin',39.83333333333334],UNIT['Foot_US',0.3048006096012192]] "Same as input"</Process><Process ToolSource="c:\program files\arcgis\pro\Resources\ArcToolbox\toolboxes\Data Management Tools.tbx\CalculateGeometryAttributes" Date="20201218" Time="155719">CalculateGeometryAttributes SSO_GIS.SSO.BELF_QuarterBase "GIS_AC AREA" # Acres PROJCS['NAD_1983_StatePlane_Nebraska_FIPS_2600_Feet',GEOGCS['GCS_North_American_1983',DATUM['D_North_American_1983',SPHEROID['GRS_1980',6378137.0,298.257222101]],PRIMEM['Greenwich',0.0],UNIT['Degree',0.0174532925199433]],PROJECTION['Lambert_Conformal_Conic'],PARAMETER['False_Easting',1640416.666666667],PARAMETER['False_Northing',0.0],PARAMETER['Central_Meridian',-100.0],PARAMETER['Standard_Parallel_1',40.0],PARAMETER['Standard_Parallel_2',43.0],PARAMETER['Latitude_Of_Origin',39.83333333333334],UNIT['Foot_US',0.3048006096012192]] "Same as input"</Process><Process ToolSource="c:\program files\arcgis\pro\Resources\ArcToolbox\toolboxes\Data Management Tools.tbx\CalculateField" Date="20201221" Time="102415">CalculateField SSO_GIS.SSO.BELF_QuarterBase Lease_Link "https://belf.nebraska.gov/wdocs/lea/"+!Lease!+".pdf" "Python 3" # Text</Process><Process ToolSource="c:\program files\arcgis\pro\Resources\ArcToolbox\toolboxes\Data Management Tools.tbx\CalculateField" Date="20201221" Time="102657">CalculateField SSO_GIS.SSO.BELF_QuarterBase Plat_Link "https://belf.nebraska.gov/wmaps/Butler/E021317-2A.pdf" "Python 3" # Text</Process><Process ToolSource="c:\program files\arcgis\pro\Resources\ArcToolbox\toolboxes\Data Management Tools.tbx\CalculateField" Date="20201221" Time="102759">CalculateField SSO_GIS.SSO.BELF_QuarterBase Plat_Link "https://belf.nebraska.gov/wmaps/Butler/E021320-2B.pdf" "Python 3" # Text</Process><Process ToolSource="c:\program files\arcgis\pro\Resources\ArcToolbox\toolboxes\Data Management Tools.tbx\CalculateField" Date="20201221" Time="102941">CalculateField SSO_GIS.SSO.BELF_QuarterBase Surv_Link "https://belf.nebraska.gov/wsurvey/Butler/E021320-2B.pdf" "Python 3" # Text</Process><Process ToolSource="c:\program files\arcgis\pro\Resources\ArcToolbox\toolboxes\Data Management Tools.tbx\CalculateField" Date="20201221" Time="103112">CalculateField SSO_GIS.SSO.BELF_QuarterBase Surv_Link "https://belf.nebraska.gov/wsurvey/Butler/E021317-2A.pdf" "Python 3" # Text</Process><Process ToolSource="c:\program files\arcgis\pro\Resources\ArcToolbox\toolboxes\Conversion Tools.tbx\FeatureClassToFeatureClass" Date="20210107" Time="154824">FeatureClassToFeatureClass SSO_GIS.SSO.BELF_QuarterBase C:\Users\trisha.schlake\AppData\Roaming\Esri\ArcGISPro\Favorites\PROD.SSO.DEF.SSO.sde BELF_QuarterBase # "Legal "Legal" true true false 254 Text 0 0,First,#,SSO_GIS.SSO.BELF_QuarterBase,Legal,0,254;ID "ID" true true false 8 Double 8 38,First,#,SSO_GIS.SSO.BELF_QuarterBase,ID,-1,-1;BELF_Area "BELF_Area" true true false 8 Double 8 38,First,#,SSO_GIS.SSO.BELF_QuarterBase,BELF_Area,-1,-1;PERIMETER "PERIMETER" true true false 8 Double 8 38,First,#,SSO_GIS.SSO.BELF_QuarterBase,PERIMETER,-1,-1;LINKS_QTY "LINKS_QTY" true true false 8 Double 8 38,First,#,SSO_GIS.SSO.BELF_QuarterBase,LINKS_QTY,-1,-1;Min_lease "Min_lease" true true false 4 Long 0 10,First,#,SSO_GIS.SSO.BELF_QuarterBase,Min_lease,-1,-1;Min_Code "Min_Code" true true false 5 Text 0 0,First,#,SSO_GIS.SSO.BELF_QuarterBase,Min_Code,0,5;Deed_Rec "Deed_Rec" true true false 20 Text 0 0,First,#,SSO_GIS.SSO.BELF_QuarterBase,Deed_Rec,0,20;Deed_Date "Deed_Date" true true false 8 Date 0 0,First,#,SSO_GIS.SSO.BELF_QuarterBase,Deed_Date,-1,-1;WhomDeeded "WhomDeeded" true true false 50 Text 0 0,First,#,SSO_GIS.SSO.BELF_QuarterBase,WhomDeeded,0,50;County_Num "County_Num" true true false 2 Short 0 5,First,#,SSO_GIS.SSO.BELF_QuarterBase,County_Num,-1,-1;County "County" true true false 15 Text 0 0,First,#,SSO_GIS.SSO.BELF_QuarterBase,County,0,15;Rtwp "Rtwp" true true false 7 Text 0 0,First,#,SSO_GIS.SSO.BELF_QuarterBase,Rtwp,0,7;D_A_or_NA "D_A_or_NA" true true false 3 Text 0 0,First,#,SSO_GIS.SSO.BELF_QuarterBase,D_A_or_NA,0,3;Lot_Num "Lot_Num" true true false 2 Short 0 5,First,#,SSO_GIS.SSO.BELF_QuarterBase,Lot_Num,-1,-1;Deed_AC "Deed_AC" true true false 8 Double 8 38,First,#,SSO_GIS.SSO.BELF_QuarterBase,Deed_AC,-1,-1;GIS_AC "GIS_AC" true true false 8 Double 8 38,First,#,SSO_GIS.SSO.BELF_QuarterBase,GIS_AC,-1,-1;Lease "Lease" true true false 10 Text 0 0,First,#,SSO_GIS.SSO.BELF_QuarterBase,Lease,0,10;Lease_exp "Lease_exp" true true false 2 Short 0 5,First,#,SSO_GIS.SSO.BELF_QuarterBase,Lease_exp,-1,-1;LeaseID "Lease ID" true true false 15 Text 0 0,First,#,SSO_GIS.SSO.BELF_QuarterBase,LeaseID,0,15;Plat_Num "Plat_Num" true true false 5 Text 0 0,First,#,SSO_GIS.SSO.BELF_QuarterBase,Plat_Num,0,5;Shape_Leng "Shape_Leng" true true false 8 Double 8 38,First,#,SSO_GIS.SSO.BELF_QuarterBase,Shape_Leng,-1,-1;Dir "Dir" true true false 1 Text 0 0,First,#,SSO_GIS.SSO.BELF_QuarterBase,Dir,0,1;Quarter_ID "Quarter_ID" true true false 2 Short 0 5,First,#,SSO_GIS.SSO.BELF_QuarterBase,Quarter_ID,-1,-1;SubLot "SubLot" true true false 2 Short 0 5,First,#,SSO_GIS.SSO.BELF_QuarterBase,SubLot,-1,-1;Note_1 "Note_1" true true false 254 Text 0 0,First,#,SSO_GIS.SSO.BELF_QuarterBase,Note_1,0,254;Note_2 "Note_2" true true false 254 Text 0 0,First,#,SSO_GIS.SSO.BELF_QuarterBase,Note_2,0,254;Twp "Twp" true true false 2 Text 0 0,First,#,SSO_GIS.SSO.BELF_QuarterBase,Twp,0,2;Rng "Rng" true true false 2 Text 0 0,First,#,SSO_GIS.SSO.BELF_QuarterBase,Rng,0,2;Sec "Sec" true true false 2 Text 0 0,First,#,SSO_GIS.SSO.BELF_QuarterBase,Sec,0,2;F_Diff "F_Diff" true true false 8 Double 8 38,First,#,SSO_GIS.SSO.BELF_QuarterBase,F_Diff,-1,-1;Tax_AC "Tax_AC" true true false 8 Double 8 38,First,#,SSO_GIS.SSO.BELF_QuarterBase,Tax_AC,-1,-1;Co_Tax_ID "Co_Tax_ID" true true false 50 Text 0 0,First,#,SSO_GIS.SSO.BELF_QuarterBase,Co_Tax_ID,0,50;STR "STR" true true false 20 Text 0 0,First,#,SSO_GIS.SSO.BELF_QuarterBase,STR,0,20;County_STR "County_STR" true true false 50 Text 0 0,First,#,SSO_GIS.SSO.BELF_QuarterBase,County_STR,0,50;Tax_Link "Tax_Link" true true false 255 Text 0 0,First,#,SSO_GIS.SSO.BELF_QuarterBase,Tax_Link,0,255;Deed_Link "Deed_Link" true true false 255 Text 0 0,First,#,SSO_GIS.SSO.BELF_QuarterBase,Deed_Link,0,255;Lease_Link "Lease_Link" true true false 255 Text 0 0,First,#,SSO_GIS.SSO.BELF_QuarterBase,Lease_Link,0,255;Plat_Link "Plat Link" true true false 255 Text 0 0,First,#,SSO_GIS.SSO.BELF_QuarterBase,Plat_Link,0,255;Plat_ID "Plat ID" true true false 50 Text 0 0,First,#,SSO_GIS.SSO.BELF_QuarterBase,Plat_ID,0,50;wcounty "wcounty" true true false 20 Text 0 0,First,#,SSO_GIS.SSO.BELF_QuarterBase,wcounty,0,20;FieldRep "Field Rep" true true false 20 Text 0 0,First,#,SSO_GIS.SSO.BELF_QuarterBase,FieldRep,0,20;NRD_Name "NRD_Name" true true false 30 Text 0 0,First,#,SSO_GIS.SSO.BELF_QuarterBase,NRD_Name,0,30;Surv_Link "Survey Plat" true true false 255 Text 0 0,First,#,SSO_GIS.SSO.BELF_QuarterBase,Surv_Link,0,255;PrevLease "Previous Lease" true true false 10 Text 0 0,First,#,SSO_GIS.SSO.BELF_QuarterBase,PrevLease,0,10;LeaseOld2 "Lease Old2" true true false 10 Text 0 0,First,#,SSO_GIS.SSO.BELF_QuarterBase,LeaseOld2,0,10;SpecialCode "Special Code" true true false 2 Short 0 5,First,#,SSO_GIS.SSO.BELF_QuarterBase,SpecialCode,-1,-1;FundCode "Fund Code" true true false 2 Short 0 5,First,#,SSO_GIS.SSO.BELF_QuarterBase,FundCode,-1,-1;Fund_Desc "Fund Description" true true false 50 Text 0 0,First,#,SSO_GIS.SSO.BELF_QuarterBase,Fund_Desc,0,50;SpecialDesc "Special Description" true true false 50 Text 0 0,First,#,SSO_GIS.SSO.BELF_QuarterBase,SpecialDesc,0,50;PrevBonus "Previous Bonus" true true false 4 Long 0 10,First,#,SSO_GIS.SSO.BELF_QuarterBase,PrevBonus,-1,-1;LeaseBonus "Lease Bonus" true true false 4 Long 0 10,First,#,SSO_GIS.SSO.BELF_QuarterBase,LeaseBonus,-1,-1;LeaseOld "Lease Old" true true false 15 Text 0 0,First,#,SSO_GIS.SSO.BELF_QuarterBase,LeaseOld,0,15;FSAFarmNum "FSA Farm Num" true true false 255 Text 0 0,First,#,SSO_GIS.SSO.BELF_QuarterBase,FSAFarmNum,0,255;created_user "created_user" false true false 255 Text 0 0,First,#,SSO_GIS.SSO.BELF_QuarterBase,created_user,0,255;created_date "created_date" false true false 8 Date 0 0,First,#,SSO_GIS.SSO.BELF_QuarterBase,created_date,-1,-1;last_edited_user "last_edited_user" false true false 255 Text 0 0,First,#,SSO_GIS.SSO.BELF_QuarterBase,last_edited_user,0,255;last_edited_date "last_edited_date" false true false 8 Date 0 0,First,#,SSO_GIS.SSO.BELF_QuarterBase,last_edited_date,-1,-1" #</Process><Process ToolSource="c:\program files\arcgis\pro\Resources\ArcToolbox\Toolboxes\Data Management Tools.tbx\RegisterAsVersioned" Date="20210108" Time="081740">RegisterAsVersioned C:\Users\trisha.schlake\AppData\Roaming\Esri\ArcGISPro\Favorites\PROD.SSO.DEF.SSO.sde\SSO_GIS.SSO.BELF_QuarterBase NO_EDITS_TO_BASE</Process><Process ToolSource="c:\program files\arcgis\pro\Resources\ArcToolbox\Toolboxes\Data Management Tools.tbx\UpdateSchema" Date="20210108" Time="082149">UpdateSchema "CIMDATA=&lt;CIMStandardDataConnection xsi:type='typens:CIMStandardDataConnection' xmlns:xsi='http://www.w3.org/2001/XMLSchema-instance' xmlns:xs='http://www.w3.org/2001/XMLSchema' xmlns:typens='http://www.esri.com/schemas/ArcGIS/2.7.0'&gt;&lt;WorkspaceConnectionString&gt;ENCRYPTED_PASSWORD=00022e68394d596950326a364c356a3137653744593864593256706b3853424c5355665248663063675a422b675a383d2a00;SERVER=gissqlag1;INSTANCE=sde:sqlserver:gissqlag1;DBCLIENT=sqlserver;DB_CONNECTION_PROPERTIES=gissqlag1;DATABASE=SSO_GIS;USER=SSO;VERSION=sde.DEFAULT;AUTHENTICATION_MODE=DBMS&lt;/WorkspaceConnectionString&gt;&lt;WorkspaceFactory&gt;SDE&lt;/WorkspaceFactory&gt;&lt;Dataset&gt;SSO_GIS.SSO.BELF_QuarterBase&lt;/Dataset&gt;&lt;DatasetType&gt;esriDTFeatureClass&lt;/DatasetType&gt;&lt;/CIMStandardDataConnection&gt;" &lt;operationSequence&gt;&lt;workflow&gt;&lt;DeleteField&gt;&lt;field_name&gt;created_user&lt;/field_name&gt;&lt;field_name&gt;created_date&lt;/field_name&gt;&lt;field_name&gt;last_edited_user&lt;/field_name&gt;&lt;field_name&gt;last_edited_date&lt;/field_name&gt;&lt;/DeleteField&gt;&lt;/workflow&gt;&lt;/operationSequence&gt;</Process><Process ToolSource="c:\program files\arcgis\pro\Resources\ArcToolbox\Toolboxes\Data Management Tools.tbx\EnableEditorTracking" Date="20210108" Time="082209">EnableEditorTracking C:\Users\trisha.schlake\AppData\Roaming\Esri\ArcGISPro\Favorites\PROD.SSO.DEF.SSO.sde\SSO_GIS.SSO.BELF_QuarterBase created_user created_date last_edited_user last_edited_date ADD_FIELDS "UTC (Coordinated Universal Time)"</Process><Process ToolSource="c:\program files\arcgis\pro\Resources\ArcToolbox\toolboxes\Data Management Tools.tbx\CalculateGeometryAttributes" Date="20210113" Time="100752">CalculateGeometryAttributes SSO_GIS.SSO.BELF_QuarterBase "GIS_AC AREA" # Acres PROJCS['NAD_1983_StatePlane_Nebraska_FIPS_2600_Feet',GEOGCS['GCS_North_American_1983',DATUM['D_North_American_1983',SPHEROID['GRS_1980',6378137.0,298.257222101]],PRIMEM['Greenwich',0.0],UNIT['Degree',0.0174532925199433]],PROJECTION['Lambert_Conformal_Conic'],PARAMETER['False_Easting',1640416.666666667],PARAMETER['False_Northing',0.0],PARAMETER['Central_Meridian',-100.0],PARAMETER['Standard_Parallel_1',40.0],PARAMETER['Standard_Parallel_2',43.0],PARAMETER['Latitude_Of_Origin',39.83333333333334],UNIT['Foot_US',0.3048006096012192]] "Same as input"</Process><Process ToolSource="c:\program files\arcgis\pro\Resources\ArcToolbox\toolboxes\Data Management Tools.tbx\CalculateGeometryAttributes" Date="20210113" Time="101705">CalculateGeometryAttributes SSO_GIS.SSO.BELF_QuarterBase "GIS_AC AREA" # Acres PROJCS['NAD_1983_StatePlane_Nebraska_FIPS_2600_Feet',GEOGCS['GCS_North_American_1983',DATUM['D_North_American_1983',SPHEROID['GRS_1980',6378137.0,298.257222101]],PRIMEM['Greenwich',0.0],UNIT['Degree',0.0174532925199433]],PROJECTION['Lambert_Conformal_Conic'],PARAMETER['False_Easting',1640416.666666667],PARAMETER['False_Northing',0.0],PARAMETER['Central_Meridian',-100.0],PARAMETER['Standard_Parallel_1',40.0],PARAMETER['Standard_Parallel_2',43.0],PARAMETER['Latitude_Of_Origin',39.83333333333334],UNIT['Foot_US',0.3048006096012192]] "Same as input"</Process><Process ToolSource="c:\program files\arcgis\pro\Resources\ArcToolbox\toolboxes\Data Management Tools.tbx\CalculateField" Date="20210115" Time="150803">CalculateField SSO_GIS.SSO.BELF_QuarterBase SpecialCode 2 "Python 3" # Text</Process><Process ToolSource="c:\program files\arcgis\pro\Resources\ArcToolbox\toolboxes\Data Management Tools.tbx\CalculateField" Date="20210115" Time="150828">CalculateField SSO_GIS.SSO.BELF_QuarterBase FundCode 1 "Python 3" # Text</Process><Process ToolSource="c:\program files\arcgis\pro\Resources\ArcToolbox\toolboxes\Data Management Tools.tbx\CalculateField" Date="20210115" Time="150851">CalculateField SSO_GIS.SSO.BELF_QuarterBase Fund_Desc "Common K-12" "Python 3" # Text</Process><Process ToolSource="c:\program files\arcgis\pro\Resources\ArcToolbox\toolboxes\Data Management Tools.tbx\CalculateField" Date="20210115" Time="150919">CalculateField SSO_GIS.SSO.BELF_QuarterBase SpecialDesc "Discretionary Properties" "Python 3" # Text</Process><Process ToolSource="c:\program files\arcgis\pro\Resources\ArcToolbox\toolboxes\Data Management Tools.tbx\CalculateField" Date="20210129" Time="085532">CalculateField SSO_GIS.SSO.BELF_QuarterBase Lease_Link "https://belf.nebraska.gov/wdocs/lea/"+!Lease!+".pdf" "Python 3" # Text</Process><Process ToolSource="c:\program files\arcgis\pro\Resources\ArcToolbox\toolboxes\Data Management Tools.tbx\CalculateField" Date="20210129" Time="120951">CalculateField SSO_GIS.SSO.BELF_QuarterBase Plat_Link "https://belf.nebraska.gov/wmaps/"+!wcounty!+"/"+!Dir!+!Rng!+!Twp!+!Sec!+"-"+!Plat_Num!+".pdf" "Python 3" # Text</Process><Process ToolSource="c:\program files\arcgis\pro\Resources\ArcToolbox\toolboxes\Data Management Tools.tbx\CalculateField" Date="20210129" Time="124858">CalculateField SSO_GIS.SSO.BELF_QuarterBase Surv_Link "https://belf.nebraska.gov/wsurvey/"+!wcounty!+"/"+!Dir!+!Rng!+!Twp!+!Sec!+"-"+!Plat_Num!+".pdf" "Python 3" # Text</Process><Process ToolSource="c:\program files\arcgis\pro\Resources\ArcToolbox\toolboxes\Data Management Tools.tbx\CalculateField" Date="20210201" Time="090011">CalculateField SSO_GIS.SSO.BELF_QuarterBase Plat_Num "1B" "Python 3" # Text</Process><Process ToolSource="c:\program files\arcgis\pro\Resources\ArcToolbox\toolboxes\Data Management Tools.tbx\CalculateField" Date="20210201" Time="090242">CalculateField SSO_GIS.SSO.BELF_QuarterBase Plat_Link "https://belf.nebraska.gov/wmaps/"+!wcounty!+!Dir!+!Rng!+!Twp!+!Sec!+"-"+!Plat_Num!+".pdf" "Python 3" # Text</Process><Process ToolSource="c:\program files\arcgis\pro\Resources\ArcToolbox\toolboxes\Data Management Tools.tbx\CalculateField" Date="20210201" Time="090308">CalculateField SSO_GIS.SSO.BELF_QuarterBase Plat_Link "https://belf.nebraska.gov/wmaps/"+!wcounty!+"/"+!Dir!+!Rng!+!Twp!+!Sec!+"-"+!Plat_Num!+".pdf" "Python 3" # Text</Process><Process ToolSource="c:\program files\arcgis\pro\Resources\ArcToolbox\toolboxes\Data Management Tools.tbx\CalculateField" Date="20210201" Time="090438">CalculateField SSO_GIS.SSO.BELF_QuarterBase Surv_Link "https://belf.nebraska.gov/wsurvey/Logan/W261716-1B.pdf" "Python 3" # Text</Process><Process ToolSource="c:\program files\arcgis\pro\Resources\ArcToolbox\toolboxes\Data Management Tools.tbx\CalculateField" Date="20210202" Time="100747">CalculateField SSO_GIS.SSO.BELF_QuarterBase Plat_Link "https://belf.nebraska.gov/wmaps/"+!wcounty!+"/"+!Dir!+!Rng!+!Twp!+!Sec!+"-"+!Plat_Num!+".pdf" "Python 3" # Text</Process><Process ToolSource="c:\program files\arcgis\pro\Resources\ArcToolbox\toolboxes\Data Management Tools.tbx\CalculateField" Date="20210202" Time="104110">CalculateField SSO_GIS.SSO.BELF_QuarterBase Plat_Link "https://belf.nebraska.gov/wmaps/"+!wcounty!+"/"+!Dir!+!Rng!+!Twp!+!Sec!+"-"+!Plat_Num!+".pdf" "Python 3" # Text</Process><Process ToolSource="c:\program files\arcgis\pro\Resources\ArcToolbox\toolboxes\Data Management Tools.tbx\CalculateField" Date="20210202" Time="104140">CalculateField SSO_GIS.SSO.BELF_QuarterBase Plat_Link "https://belf.nebraska.gov/wmaps/"+!wcounty!+"/"+!Dir!+!Rng!+!Twp!+!Sec!+"-"+!Plat_Num!+".pdf" "Python 3" # Text</Process><Process ToolSource="c:\program files\arcgis\pro\Resources\ArcToolbox\toolboxes\Data Management Tools.tbx\CalculateField" Date="20210202" Time="104546">CalculateField SSO_GIS.SSO.BELF_QuarterBase Plat_Link "https://belf.nebraska.gov/wmaps/"+!wcounty!+"/"+!Dir!+!Rng!+!Twp!+!Sec!+"-"+!Plat_Num!+".pdf" "Python 3" # Text</Process><Process ToolSource="c:\program files\arcgis\pro\Resources\ArcToolbox\toolboxes\Data Management Tools.tbx\CalculateField" Date="20210210" Time="100805">CalculateField SSO_GIS.SSO.BELF_QuarterBase LeaseOld !PrevLease! "Python 3" # Text</Process><Process ToolSource="c:\program files\arcgis\pro\Resources\ArcToolbox\toolboxes\Data Management Tools.tbx\CalculateField" Date="20210210" Time="101915">CalculateField SSO_GIS.SSO.BELF_QuarterBase LeaseOld !PrevLease! "Python 3" # Text</Process><Process ToolSource="c:\program files\arcgis\pro\Resources\ArcToolbox\toolboxes\Data Management Tools.tbx\CalculateField" Date="20210210" Time="102144">CalculateField SSO_GIS.SSO.BELF_QuarterBase LeaseOld !PrevLease! "Python 3" # Text</Process><Process ToolSource="c:\program files\arcgis\pro\Resources\ArcToolbox\toolboxes\Data Management Tools.tbx\CalculateField" Date="20210210" Time="102326">CalculateField SSO_GIS.SSO.BELF_QuarterBase PrevLease !Lease! "Python 3" # Text</Process><Process ToolSource="c:\program files\arcgis\pro\Resources\ArcToolbox\toolboxes\Data Management Tools.tbx\CalculateField" Date="20210210" Time="112801">CalculateField SSO_GIS.SSO.BELF_QuarterBase PrevLease !Lease! "Python 3" # Text</Process><Process ToolSource="c:\program files\arcgis\pro\Resources\ArcToolbox\toolboxes\Data Management Tools.tbx\CalculateField" Date="20210210" Time="141623">CalculateField SSO_GIS.SSO.BELF_QuarterBase D_A_or_NA " " "Python 3" # Text</Process><Process ToolSource="c:\program files\arcgis\pro\Resources\ArcToolbox\toolboxes\Data Management Tools.tbx\CalculateField" Date="20210216" Time="141345">CalculateField SSO_GIS.SSO.BELF_QuarterBase Lease_Link "https://belf.nebraska.gov/wdocs/lea/"+!Lease!+".pdf" "Python 3" # Text</Process><Process ToolSource="c:\program files\arcgis\pro\Resources\ArcToolbox\toolboxes\Data Management Tools.tbx\CalculateField" Date="20210225" Time="155146">CalculateField SSO_GIS.SSO.BELF_QuarterBase Deed_Link "https://belf.nebraska.gov/wdocs/leap/"+!Lease!+".pdf" "Python 3" # Text</Process><Process ToolSource="c:\program files\arcgis\pro\Resources\ArcToolbox\toolboxes\Data Management Tools.tbx\CalculateField" Date="20210225" Time="155419">CalculateField SSO_GIS.SSO.BELF_QuarterBase Deed_Link "https://belf.nebraska.gov/wdocs/leap/"+!Lease!+".pdf" "Python 3" # Text</Process><Process ToolSource="c:\program files\arcgis\pro\Resources\ArcToolbox\toolboxes\Data Management Tools.tbx\CalculateField" Date="20210225" Time="161538">CalculateField SSO_GIS.SSO.BELF_QuarterBase Deed_Link "https://belf.nebraska.gov/wdocs/leap/"+!Lease!+".pdf" "Python 3" # Text</Process><Process ToolSource="c:\program files\arcgis\pro\Resources\ArcToolbox\toolboxes\Data Management Tools.tbx\CalculateGeometryAttributes" Date="20210302" Time="141558">CalculateGeometryAttributes SSO_GIS.SSO.BELF_QuarterBase "GIS_AC AREA" # Acres PROJCS['NAD_1983_StatePlane_Nebraska_FIPS_2600_Feet',GEOGCS['GCS_North_American_1983',DATUM['D_North_American_1983',SPHEROID['GRS_1980',6378137.0,298.257222101]],PRIMEM['Greenwich',0.0],UNIT['Degree',0.0174532925199433]],PROJECTION['Lambert_Conformal_Conic'],PARAMETER['False_Easting',1640416.666666667],PARAMETER['False_Northing',0.0],PARAMETER['Central_Meridian',-100.0],PARAMETER['Standard_Parallel_1',40.0],PARAMETER['Standard_Parallel_2',43.0],PARAMETER['Latitude_Of_Origin',39.83333333333334],UNIT['Foot_US',0.3048006096012192]] "Same as input"</Process><Process ToolSource="c:\program files\arcgis\pro\Resources\ArcToolbox\toolboxes\Data Management Tools.tbx\CalculateField" Date="20210305" Time="101614">CalculateField SSO_GIS.SSO.BELF_QuarterBase Deed_Link "https://belf.nebraska.gov/wdocs/lea/112199.pdf" "Python 3" # Text</Process><Process ToolSource="c:\program files\arcgis\pro\Resources\ArcToolbox\toolboxes\Data Management Tools.tbx\CalculateGeometryAttributes" Date="20210319" Time="143802">CalculateGeometryAttributes SSO_GIS.SSO.BELF_QuarterBase "GIS_AC AREA" # Acres PROJCS['NAD_1983_StatePlane_Nebraska_FIPS_2600_Feet',GEOGCS['GCS_North_American_1983',DATUM['D_North_American_1983',SPHEROID['GRS_1980',6378137.0,298.257222101]],PRIMEM['Greenwich',0.0],UNIT['Degree',0.0174532925199433]],PROJECTION['Lambert_Conformal_Conic'],PARAMETER['False_Easting',1640416.666666667],PARAMETER['False_Northing',0.0],PARAMETER['Central_Meridian',-100.0],PARAMETER['Standard_Parallel_1',40.0],PARAMETER['Standard_Parallel_2',43.0],PARAMETER['Latitude_Of_Origin',39.83333333333334],UNIT['Foot_US',0.3048006096012192]] "Same as input"</Process><Process ToolSource="c:\program files\arcgis\pro\Resources\ArcToolbox\toolboxes\Data Management Tools.tbx\CalculateGeometryAttributes" Date="20210323" Time="102245">CalculateGeometryAttributes SSO_GIS.SSO.BELF_QuarterBase "GIS_AC AREA" # Acres PROJCS['NAD_1983_StatePlane_Nebraska_FIPS_2600_Feet',GEOGCS['GCS_North_American_1983',DATUM['D_North_American_1983',SPHEROID['GRS_1980',6378137.0,298.257222101]],PRIMEM['Greenwich',0.0],UNIT['Degree',0.0174532925199433]],PROJECTION['Lambert_Conformal_Conic'],PARAMETER['False_Easting',1640416.666666667],PARAMETER['False_Northing',0.0],PARAMETER['Central_Meridian',-100.0],PARAMETER['Standard_Parallel_1',40.0],PARAMETER['Standard_Parallel_2',43.0],PARAMETER['Latitude_Of_Origin',39.83333333333334],UNIT['Foot_US',0.3048006096012192]] "Same as input"</Process><Process ToolSource="c:\program files\arcgis\pro\Resources\ArcToolbox\toolboxes\Data Management Tools.tbx\CalculateGeometryAttributes" Date="20210326" Time="154124">CalculateGeometryAttributes SSO_GIS.SSO.BELF_QuarterBase "GIS_AC AREA" # Acres PROJCS['NAD_1983_StatePlane_Nebraska_FIPS_2600_Feet',GEOGCS['GCS_North_American_1983',DATUM['D_North_American_1983',SPHEROID['GRS_1980',6378137.0,298.257222101]],PRIMEM['Greenwich',0.0],UNIT['Degree',0.0174532925199433]],PROJECTION['Lambert_Conformal_Conic'],PARAMETER['False_Easting',1640416.666666667],PARAMETER['False_Northing',0.0],PARAMETER['Central_Meridian',-100.0],PARAMETER['Standard_Parallel_1',40.0],PARAMETER['Standard_Parallel_2',43.0],PARAMETER['Latitude_Of_Origin',39.83333333333334],UNIT['Foot_US',0.3048006096012192]] "Same as input"</Process><Process ToolSource="c:\program files\arcgis\pro\Resources\ArcToolbox\toolboxes\Data Management Tools.tbx\CalculateGeometryAttributes" Date="20210331" Time="095958">CalculateGeometryAttributes SSO_GIS.SSO.BELF_QuarterBase "GIS_AC AREA" # Acres PROJCS['NAD_1983_StatePlane_Nebraska_FIPS_2600_Feet',GEOGCS['GCS_North_American_1983',DATUM['D_North_American_1983',SPHEROID['GRS_1980',6378137.0,298.257222101]],PRIMEM['Greenwich',0.0],UNIT['Degree',0.0174532925199433]],PROJECTION['Lambert_Conformal_Conic'],PARAMETER['False_Easting',1640416.666666667],PARAMETER['False_Northing',0.0],PARAMETER['Central_Meridian',-100.0],PARAMETER['Standard_Parallel_1',40.0],PARAMETER['Standard_Parallel_2',43.0],PARAMETER['Latitude_Of_Origin',39.83333333333334],UNIT['Foot_US',0.3048006096012192]] "Same as input"</Process><Process ToolSource="c:\program files\arcgis\pro\Resources\ArcToolbox\toolboxes\Data Management Tools.tbx\CalculateField" Date="20210331" Time="100429">CalculateField SSO_GIS.SSO.BELF_QuarterBase Plat_Link "https://belf.nebraska.gov/wmaps/Deuel/W421334-3.pdf" "Python 3" # Text</Process><Process ToolSource="c:\program files\arcgis\pro\Resources\ArcToolbox\toolboxes\Data Management Tools.tbx\CalculateField" Date="20210331" Time="101035">CalculateField SSO_GIS.SSO.BELF_QuarterBase Surv_Link "https://belf.nebraska.gov/wsurvey/W421334-3.pdf" "Python 3" # Text</Process><Process ToolSource="c:\program files\arcgis\pro\Resources\ArcToolbox\toolboxes\Data Management Tools.tbx\CalculateGeometryAttributes" Date="20210414" Time="082933">CalculateGeometryAttributes SSO_GIS.SSO.BELF_QuarterBase "GIS_AC AREA" # Acres PROJCS['NAD_1983_StatePlane_Nebraska_FIPS_2600_Feet',GEOGCS['GCS_North_American_1983',DATUM['D_North_American_1983',SPHEROID['GRS_1980',6378137.0,298.257222101]],PRIMEM['Greenwich',0.0],UNIT['Degree',0.0174532925199433]],PROJECTION['Lambert_Conformal_Conic'],PARAMETER['False_Easting',1640416.666666667],PARAMETER['False_Northing',0.0],PARAMETER['Central_Meridian',-100.0],PARAMETER['Standard_Parallel_1',40.0],PARAMETER['Standard_Parallel_2',43.0],PARAMETER['Latitude_Of_Origin',39.83333333333334],UNIT['Foot_US',0.3048006096012192]] "Same as input"</Process><Process ToolSource="c:\program files\arcgis\pro\Resources\ArcToolbox\toolboxes\Data Management Tools.tbx\CalculateGeometryAttributes" Date="20210414" Time="083628">CalculateGeometryAttributes SSO_GIS.SSO.BELF_QuarterBase "GIS_AC AREA" # Acres PROJCS['NAD_1983_StatePlane_Nebraska_FIPS_2600_Feet',GEOGCS['GCS_North_American_1983',DATUM['D_North_American_1983',SPHEROID['GRS_1980',6378137.0,298.257222101]],PRIMEM['Greenwich',0.0],UNIT['Degree',0.0174532925199433]],PROJECTION['Lambert_Conformal_Conic'],PARAMETER['False_Easting',1640416.666666667],PARAMETER['False_Northing',0.0],PARAMETER['Central_Meridian',-100.0],PARAMETER['Standard_Parallel_1',40.0],PARAMETER['Standard_Parallel_2',43.0],PARAMETER['Latitude_Of_Origin',39.83333333333334],UNIT['Foot_US',0.3048006096012192]] "Same as input"</Process><Process ToolSource="c:\program files\arcgis\pro\Resources\ArcToolbox\toolboxes\Data Management Tools.tbx\CalculateGeometryAttributes" Date="20210414" Time="090847">CalculateGeometryAttributes SSO_GIS.SSO.BELF_QuarterBase "GIS_AC AREA" # Acres PROJCS['NAD_1983_StatePlane_Nebraska_FIPS_2600_Feet',GEOGCS['GCS_North_American_1983',DATUM['D_North_American_1983',SPHEROID['GRS_1980',6378137.0,298.257222101]],PRIMEM['Greenwich',0.0],UNIT['Degree',0.0174532925199433]],PROJECTION['Lambert_Conformal_Conic'],PARAMETER['False_Easting',1640416.666666667],PARAMETER['False_Northing',0.0],PARAMETER['Central_Meridian',-100.0],PARAMETER['Standard_Parallel_1',40.0],PARAMETER['Standard_Parallel_2',43.0],PARAMETER['Latitude_Of_Origin',39.83333333333334],UNIT['Foot_US',0.3048006096012192]] "Same as input"</Process><Process ToolSource="c:\program files\arcgis\pro\Resources\ArcToolbox\toolboxes\Data Management Tools.tbx\CalculateGeometryAttributes" Date="20210414" Time="090954">CalculateGeometryAttributes SSO_GIS.SSO.BELF_QuarterBase "GIS_AC AREA" # Acres PROJCS['NAD_1983_StatePlane_Nebraska_FIPS_2600_Feet',GEOGCS['GCS_North_American_1983',DATUM['D_North_American_1983',SPHEROID['GRS_1980',6378137.0,298.257222101]],PRIMEM['Greenwich',0.0],UNIT['Degree',0.0174532925199433]],PROJECTION['Lambert_Conformal_Conic'],PARAMETER['False_Easting',1640416.666666667],PARAMETER['False_Northing',0.0],PARAMETER['Central_Meridian',-100.0],PARAMETER['Standard_Parallel_1',40.0],PARAMETER['Standard_Parallel_2',43.0],PARAMETER['Latitude_Of_Origin',39.83333333333334],UNIT['Foot_US',0.3048006096012192]] "Same as input"</Process><Process ToolSource="c:\program files\arcgis\pro\Resources\ArcToolbox\toolboxes\Data Management Tools.tbx\CalculateGeometryAttributes" Date="20210414" Time="091228">CalculateGeometryAttributes SSO_GIS.SSO.BELF_QuarterBase "GIS_AC AREA" # Acres PROJCS['NAD_1983_StatePlane_Nebraska_FIPS_2600_Feet',GEOGCS['GCS_North_American_1983',DATUM['D_North_American_1983',SPHEROID['GRS_1980',6378137.0,298.257222101]],PRIMEM['Greenwich',0.0],UNIT['Degree',0.0174532925199433]],PROJECTION['Lambert_Conformal_Conic'],PARAMETER['False_Easting',1640416.666666667],PARAMETER['False_Northing',0.0],PARAMETER['Central_Meridian',-100.0],PARAMETER['Standard_Parallel_1',40.0],PARAMETER['Standard_Parallel_2',43.0],PARAMETER['Latitude_Of_Origin',39.83333333333334],UNIT['Foot_US',0.3048006096012192]] "Same as input"</Process><Process ToolSource="c:\program files\arcgis\pro\Resources\ArcToolbox\toolboxes\Data Management Tools.tbx\CalculateGeometryAttributes" Date="20210414" Time="092840">CalculateGeometryAttributes SSO_GIS.SSO.BELF_QuarterBase "GIS_AC AREA" # Acres PROJCS['NAD_1983_StatePlane_Nebraska_FIPS_2600_Feet',GEOGCS['GCS_North_American_1983',DATUM['D_North_American_1983',SPHEROID['GRS_1980',6378137.0,298.257222101]],PRIMEM['Greenwich',0.0],UNIT['Degree',0.0174532925199433]],PROJECTION['Lambert_Conformal_Conic'],PARAMETER['False_Easting',1640416.666666667],PARAMETER['False_Northing',0.0],PARAMETER['Central_Meridian',-100.0],PARAMETER['Standard_Parallel_1',40.0],PARAMETER['Standard_Parallel_2',43.0],PARAMETER['Latitude_Of_Origin',39.83333333333334],UNIT['Foot_US',0.3048006096012192]] "Same as input"</Process><Process ToolSource="c:\program files\arcgis\pro\Resources\ArcToolbox\toolboxes\Data Management Tools.tbx\CalculateGeometryAttributes" Date="20210604" Time="141433">CalculateGeometryAttributes SSO_GIS.SSO.BELF_QuarterBase "GIS_AC AREA" # Acres PROJCS['NAD_1983_StatePlane_Nebraska_FIPS_2600_Feet',GEOGCS['GCS_North_American_1983',DATUM['D_North_American_1983',SPHEROID['GRS_1980',6378137.0,298.257222101]],PRIMEM['Greenwich',0.0],UNIT['Degree',0.0174532925199433]],PROJECTION['Lambert_Conformal_Conic'],PARAMETER['False_Easting',1640416.666666667],PARAMETER['False_Northing',0.0],PARAMETER['Central_Meridian',-100.0],PARAMETER['Standard_Parallel_1',40.0],PARAMETER['Standard_Parallel_2',43.0],PARAMETER['Latitude_Of_Origin',39.83333333333334],UNIT['Foot_US',0.3048006096012192]] "Same as input"</Process><Process ToolSource="c:\program files\arcgis\pro\Resources\ArcToolbox\toolboxes\Data Management Tools.tbx\CalculateGeometryAttributes" Date="20210604" Time="142421">CalculateGeometryAttributes SSO_GIS.SSO.BELF_QuarterBase "GIS_AC AREA" # Acres PROJCS['NAD_1983_StatePlane_Nebraska_FIPS_2600_Feet',GEOGCS['GCS_North_American_1983',DATUM['D_North_American_1983',SPHEROID['GRS_1980',6378137.0,298.257222101]],PRIMEM['Greenwich',0.0],UNIT['Degree',0.0174532925199433]],PROJECTION['Lambert_Conformal_Conic'],PARAMETER['False_Easting',1640416.666666667],PARAMETER['False_Northing',0.0],PARAMETER['Central_Meridian',-100.0],PARAMETER['Standard_Parallel_1',40.0],PARAMETER['Standard_Parallel_2',43.0],PARAMETER['Latitude_Of_Origin',39.83333333333334],UNIT['Foot_US',0.3048006096012192]] "Same as input"</Process><Process ToolSource="c:\program files\arcgis\pro\Resources\ArcToolbox\toolboxes\Data Management Tools.tbx\CalculateGeometryAttributes" Date="20210610" Time="105145">CalculateGeometryAttributes SSO_GIS.SSO.BELF_QuarterBase "GIS_AC AREA" # Acres PROJCS['NAD_1983_StatePlane_Nebraska_FIPS_2600_Feet',GEOGCS['GCS_North_American_1983',DATUM['D_North_American_1983',SPHEROID['GRS_1980',6378137.0,298.257222101]],PRIMEM['Greenwich',0.0],UNIT['Degree',0.0174532925199433]],PROJECTION['Lambert_Conformal_Conic'],PARAMETER['False_Easting',1640416.666666667],PARAMETER['False_Northing',0.0],PARAMETER['Central_Meridian',-100.0],PARAMETER['Standard_Parallel_1',40.0],PARAMETER['Standard_Parallel_2',43.0],PARAMETER['Latitude_Of_Origin',39.83333333333334],UNIT['Foot_US',0.3048006096012192]] "Same as input"</Process><Process ToolSource="c:\program files\arcgis\pro\Resources\ArcToolbox\toolboxes\Data Management Tools.tbx\CalculateGeometryAttributes" Date="20210610" Time="110204">CalculateGeometryAttributes SSO_GIS.SSO.BELF_QuarterBase "GIS_AC AREA" # Acres PROJCS['NAD_1983_StatePlane_Nebraska_FIPS_2600_Feet',GEOGCS['GCS_North_American_1983',DATUM['D_North_American_1983',SPHEROID['GRS_1980',6378137.0,298.257222101]],PRIMEM['Greenwich',0.0],UNIT['Degree',0.0174532925199433]],PROJECTION['Lambert_Conformal_Conic'],PARAMETER['False_Easting',1640416.666666667],PARAMETER['False_Northing',0.0],PARAMETER['Central_Meridian',-100.0],PARAMETER['Standard_Parallel_1',40.0],PARAMETER['Standard_Parallel_2',43.0],PARAMETER['Latitude_Of_Origin',39.83333333333334],UNIT['Foot_US',0.3048006096012192]] "Same as input"</Process><Process ToolSource="c:\program files\arcgis\pro\Resources\ArcToolbox\toolboxes\Data Management Tools.tbx\CalculateGeometryAttributes" Date="20210702" Time="140634">CalculateGeometryAttributes SSO_GIS.SSO.BELF_QuarterBase "GIS_AC AREA" # Acres PROJCS['NAD_1983_StatePlane_Nebraska_FIPS_2600_Feet',GEOGCS['GCS_North_American_1983',DATUM['D_North_American_1983',SPHEROID['GRS_1980',6378137.0,298.257222101]],PRIMEM['Greenwich',0.0],UNIT['Degree',0.0174532925199433]],PROJECTION['Lambert_Conformal_Conic'],PARAMETER['False_Easting',1640416.666666667],PARAMETER['False_Northing',0.0],PARAMETER['Central_Meridian',-100.0],PARAMETER['Standard_Parallel_1',40.0],PARAMETER['Standard_Parallel_2',43.0],PARAMETER['Latitude_Of_Origin',39.83333333333334],UNIT['Foot_US',0.3048006096012192]] "Same as input"</Process><Process ToolSource="c:\program files\arcgis\pro\Resources\ArcToolbox\toolboxes\Data Management Tools.tbx\CalculateGeometryAttributes" Date="20210716" Time="113959">CalculateGeometryAttributes SSO_GIS.SSO.BELF_QuarterBase "GIS_AC AREA" # Acres PROJCS['NAD_1983_StatePlane_Nebraska_FIPS_2600_Feet',GEOGCS['GCS_North_American_1983',DATUM['D_North_American_1983',SPHEROID['GRS_1980',6378137.0,298.257222101]],PRIMEM['Greenwich',0.0],UNIT['Degree',0.0174532925199433]],PROJECTION['Lambert_Conformal_Conic'],PARAMETER['False_Easting',1640416.666666667],PARAMETER['False_Northing',0.0],PARAMETER['Central_Meridian',-100.0],PARAMETER['Standard_Parallel_1',40.0],PARAMETER['Standard_Parallel_2',43.0],PARAMETER['Latitude_Of_Origin',39.83333333333334],UNIT['Foot_US',0.3048006096012192]] "Same as input"</Process><Process ToolSource="c:\program files\arcgis\pro\Resources\ArcToolbox\toolboxes\Data Management Tools.tbx\CalculateGeometryAttributes" Date="20210716" Time="114623">CalculateGeometryAttributes SSO_GIS.SSO.BELF_QuarterBase "GIS_AC AREA" # Acres PROJCS['NAD_1983_StatePlane_Nebraska_FIPS_2600_Feet',GEOGCS['GCS_North_American_1983',DATUM['D_North_American_1983',SPHEROID['GRS_1980',6378137.0,298.257222101]],PRIMEM['Greenwich',0.0],UNIT['Degree',0.0174532925199433]],PROJECTION['Lambert_Conformal_Conic'],PARAMETER['False_Easting',1640416.666666667],PARAMETER['False_Northing',0.0],PARAMETER['Central_Meridian',-100.0],PARAMETER['Standard_Parallel_1',40.0],PARAMETER['Standard_Parallel_2',43.0],PARAMETER['Latitude_Of_Origin',39.83333333333334],UNIT['Foot_US',0.3048006096012192]] "Same as input"</Process><Process ToolSource="c:\program files\arcgis\pro\Resources\ArcToolbox\toolboxes\Data Management Tools.tbx\CalculateGeometryAttributes" Date="20210721" Time="122317">CalculateGeometryAttributes SSO_GIS.SSO.BELF_QuarterBase "GIS_AC AREA" # Acres PROJCS['NAD_1983_StatePlane_Nebraska_FIPS_2600_Feet',GEOGCS['GCS_North_American_1983',DATUM['D_North_American_1983',SPHEROID['GRS_1980',6378137.0,298.257222101]],PRIMEM['Greenwich',0.0],UNIT['Degree',0.0174532925199433]],PROJECTION['Lambert_Conformal_Conic'],PARAMETER['False_Easting',1640416.666666667],PARAMETER['False_Northing',0.0],PARAMETER['Central_Meridian',-100.0],PARAMETER['Standard_Parallel_1',40.0],PARAMETER['Standard_Parallel_2',43.0],PARAMETER['Latitude_Of_Origin',39.83333333333334],UNIT['Foot_US',0.3048006096012192]] "Same as input"</Process><Process ToolSource="c:\program files\arcgis\pro\Resources\ArcToolbox\toolboxes\Data Management Tools.tbx\CalculateGeometryAttributes" Date="20210721" Time="122812">CalculateGeometryAttributes SSO_GIS.SSO.BELF_QuarterBase "GIS_AC AREA" # Acres PROJCS['NAD_1983_StatePlane_Nebraska_FIPS_2600_Feet',GEOGCS['GCS_North_American_1983',DATUM['D_North_American_1983',SPHEROID['GRS_1980',6378137.0,298.257222101]],PRIMEM['Greenwich',0.0],UNIT['Degree',0.0174532925199433]],PROJECTION['Lambert_Conformal_Conic'],PARAMETER['False_Easting',1640416.666666667],PARAMETER['False_Northing',0.0],PARAMETER['Central_Meridian',-100.0],PARAMETER['Standard_Parallel_1',40.0],PARAMETER['Standard_Parallel_2',43.0],PARAMETER['Latitude_Of_Origin',39.83333333333334],UNIT['Foot_US',0.3048006096012192]] "Same as input"</Process><Process ToolSource="c:\program files\arcgis\pro\Resources\ArcToolbox\toolboxes\Data Management Tools.tbx\CalculateField" Date="20210824" Time="114946">CalculateField SSO_GIS.SSO.BELF_QuarterBase Surv_Link "https://belf.nebraska.gov/wsurvey/"+!wcounty!+"/"+!Dir!+!Rng!+!Twp!+!Sec!+"-"+!Plat_Num!+".pdf" "Python 3" # Text</Process><Process ToolSource="c:\program files\arcgis\pro\Resources\ArcToolbox\toolboxes\Data Management Tools.tbx\CalculateField" Date="20210824" Time="115046">CalculateField SSO_GIS.SSO.BELF_QuarterBase Surv_Link "https://belf.nebraska.gov/wsurvey/"+!county!+"/"+!Dir!+!Rng!+!Twp!+!Sec!+"-"+!Plat_Num!+".pdf" "Python 3" # Text</Process><Process ToolSource="c:\program files\arcgis\pro\Resources\ArcToolbox\toolboxes\Data Management Tools.tbx\CalculateField" Date="20210824" Time="115310">CalculateField SSO_GIS.SSO.BELF_QuarterBase Surv_Link "https://belf.nebraska.gov/wsurvey/"+!wcounty!+"/"+!Dir!+!Rng!+!Twp!+!Sec!+"-"+!Plat_Num!+".pdf" "Python 3" # Text</Process><Process ToolSource="c:\program files\arcgis\pro\Resources\ArcToolbox\toolboxes\Data Management Tools.tbx\CalculateField" Date="20210824" Time="115415">CalculateField SSO_GIS.SSO.BELF_QuarterBase Surv_Link "https://belf.nebraska.gov/wsurvey/"+!county!+"/"+!Dir!+!Rng!+!Twp!+!Sec!+"-"+!Plat_Num!+".pdf" "Python 3" # Text</Process><Process ToolSource="c:\program files\arcgis\pro\Resources\ArcToolbox\toolboxes\Data Management Tools.tbx\CalculateField" Date="20210824" Time="115607">CalculateField SSO_GIS.SSO.BELF_QuarterBase Plat_Link "https://belf.nebraska.gov/wmaps/"+!county!+"/"+!Dir!+!Rng!+!Twp!+!Sec!+"-"+!Plat_Num!+".pdf" "Python 3" # Text</Process><Process ToolSource="c:\program files\arcgis\pro\Resources\ArcToolbox\toolboxes\Data Management Tools.tbx\CalculateField" Date="20210824" Time="115723">CalculateField SSO_GIS.SSO.BELF_QuarterBase Lease_Link "https://belf.nebraska.gov/wdocs/lea/"+!lease!+".pdf" "Python 3" # Text</Process><Process ToolSource="c:\program files\arcgis\pro\Resources\ArcToolbox\toolboxes\Data Management Tools.tbx\CalculateField" Date="20210824" Time="115805">CalculateField SSO_GIS.SSO.BELF_QuarterBase Deed_Link "https://belf.nebraska.gov/wdocs/leap/"+!lease!+".pdf" "Python 3" # Text</Process><Process ToolSource="c:\program files\arcgis\pro\Resources\ArcToolbox\toolboxes\Data Management Tools.tbx\CalculateGeometryAttributes" Date="20211105" Time="140024">CalculateGeometryAttributes SSO_GIS.SSO.BELF_QuarterBase "GIS_AC AREA" # Acres PROJCS['NAD_1983_StatePlane_Nebraska_FIPS_2600_Feet',GEOGCS['GCS_North_American_1983',DATUM['D_North_American_1983',SPHEROID['GRS_1980',6378137.0,298.257222101]],PRIMEM['Greenwich',0.0],UNIT['Degree',0.0174532925199433]],PROJECTION['Lambert_Conformal_Conic'],PARAMETER['False_Easting',1640416.666666667],PARAMETER['False_Northing',0.0],PARAMETER['Central_Meridian',-100.0],PARAMETER['Standard_Parallel_1',40.0],PARAMETER['Standard_Parallel_2',43.0],PARAMETER['Latitude_Of_Origin',39.83333333333334],UNIT['Foot_US',0.3048006096012192]] "Same as input"</Process><Process ToolSource="c:\program files\arcgis\pro\Resources\ArcToolbox\toolboxes\Data Management Tools.tbx\CalculateGeometryAttributes" Date="20211105" Time="140546">CalculateGeometryAttributes SSO_GIS.SSO.BELF_QuarterBase "GIS_AC AREA" # Acres PROJCS['NAD_1983_StatePlane_Nebraska_FIPS_2600_Feet',GEOGCS['GCS_North_American_1983',DATUM['D_North_American_1983',SPHEROID['GRS_1980',6378137.0,298.257222101]],PRIMEM['Greenwich',0.0],UNIT['Degree',0.0174532925199433]],PROJECTION['Lambert_Conformal_Conic'],PARAMETER['False_Easting',1640416.666666667],PARAMETER['False_Northing',0.0],PARAMETER['Central_Meridian',-100.0],PARAMETER['Standard_Parallel_1',40.0],PARAMETER['Standard_Parallel_2',43.0],PARAMETER['Latitude_Of_Origin',39.83333333333334],UNIT['Foot_US',0.3048006096012192]] "Same as input"</Process><Process ToolSource="c:\program files\arcgis\pro\Resources\ArcToolbox\toolboxes\Data Management Tools.tbx\CalculateGeometryAttributes" Date="20211105" Time="140633">CalculateGeometryAttributes SSO_GIS.SSO.BELF_QuarterBase "GIS_AC AREA" # Acres PROJCS['NAD_1983_StatePlane_Nebraska_FIPS_2600_Feet',GEOGCS['GCS_North_American_1983',DATUM['D_North_American_1983',SPHEROID['GRS_1980',6378137.0,298.257222101]],PRIMEM['Greenwich',0.0],UNIT['Degree',0.0174532925199433]],PROJECTION['Lambert_Conformal_Conic'],PARAMETER['False_Easting',1640416.666666667],PARAMETER['False_Northing',0.0],PARAMETER['Central_Meridian',-100.0],PARAMETER['Standard_Parallel_1',40.0],PARAMETER['Standard_Parallel_2',43.0],PARAMETER['Latitude_Of_Origin',39.83333333333334],UNIT['Foot_US',0.3048006096012192]] "Same as input"</Process><Process ToolSource="c:\program files\arcgis\pro\Resources\ArcToolbox\toolboxes\Data Management Tools.tbx\CalculateGeometryAttributes" Date="20211207" Time="101804">CalculateGeometryAttributes SSO_GIS.SSO.BELF_QuarterBase "GIS_AC AREA" # Acres PROJCS['NAD_1983_StatePlane_Nebraska_FIPS_2600_Feet',GEOGCS['GCS_North_American_1983',DATUM['D_North_American_1983',SPHEROID['GRS_1980',6378137.0,298.257222101]],PRIMEM['Greenwich',0.0],UNIT['Degree',0.0174532925199433]],PROJECTION['Lambert_Conformal_Conic'],PARAMETER['False_Easting',1640416.666666667],PARAMETER['False_Northing',0.0],PARAMETER['Central_Meridian',-100.0],PARAMETER['Standard_Parallel_1',40.0],PARAMETER['Standard_Parallel_2',43.0],PARAMETER['Latitude_Of_Origin',39.83333333333334],UNIT['Foot_US',0.3048006096012192]] "Same as input"</Process><Process ToolSource="c:\program files\arcgis\pro\Resources\ArcToolbox\toolboxes\Data Management Tools.tbx\CalculateField" Date="20220503" Time="123658">CalculateField SSO_GIS.SSO.BELF_QuarterBase Deed_Link "https://belf.nebraska.gov/wdocs/leap/"+!Lease!+".pdf" "Python 3" # Text</Process><Process ToolSource="c:\program files\arcgis\pro\Resources\ArcToolbox\toolboxes\Data Management Tools.tbx\CalculateField" Date="20220503" Time="124323">CalculateField SSO_GIS.SSO.BELF_QuarterBase Lease_Link "https://belf.nebraska.gov/wdocs/lea/"+!Lease!+".pdf" "Python 3" # Text</Process><Process ToolSource="c:\program files\arcgis\pro\Resources\ArcToolbox\toolboxes\Data Management Tools.tbx\CalculateField" Date="20220706" Time="111651">CalculateField SSO_GIS.SSO.BELF_QuarterBase FieldRep "Johnson" "Python 3" # Text NO_ENFORCE_DOMAINS</Process><Process ToolSource="c:\program files\arcgis\pro\Resources\ArcToolbox\toolboxes\Data Management Tools.tbx\CalculateField" Date="20220805" Time="082316">CalculateField SSO_GIS.SSO.BELF_QuarterBase SpecialDesc "Priority Land Sale/Trade" "Python 3" # Text NO_ENFORCE_DOMAINS</Process><Process ToolSource="c:\program files\arcgis\pro\Resources\ArcToolbox\toolboxes\Data Management Tools.tbx\CalculateField" Date="20230327" Time="104454">CalculateField SSO_GIS.SSO.BELF_QuarterBase FieldRep "Hamilton" "Python 3" # Text NO_ENFORCE_DOMAINS</Process><Process ToolSource="c:\program files\arcgis\pro\Resources\ArcToolbox\toolboxes\Data Management Tools.tbx\Dissolve" Date="20230331" Time="165037">Dissolve SSO_GIS.SSO.BELF_QuarterBase C:\Users\John\Documents\ArcGIS\Projects\BELF\BELF.gdb\SSO_GIS_Dissolve STR;County;FundCode;Fund_Desc # MULTI_PART DISSOLVE_LINES #</Process><Process ToolSource="c:\program files\arcgis\pro\Resources\ArcToolbox\toolboxes\Conversion Tools.tbx\ExportFeatures" Date="20230331" Time="165410">ExportFeatures SSO_GIS_Dissolve "Z:\Field Issues\2023 University\2023 BELF University Lands.shp" # NOT_USE_ALIAS "County "County" true true false 15 Text 0 0,First,#,SSO_GIS_Dissolve,County,0,15;STR "STR" true true false 20 Text 0 0,First,#,SSO_GIS_Dissolve,STR,0,20;FundCode "Fund Code" true true false 2 Short 0 0,First,#,SSO_GIS_Dissolve,FundCode,-1,-1;Fund_Desc "Fund Description" true true false 50 Text 0 0,First,#,SSO_GIS_Dissolve,Fund_Desc,0,50;Shape_Length "Shape_Length" false true true 8 Double 0 0,First,#,SSO_GIS_Dissolve,Shape_Length,-1,-1;Shape_Area "Shape_Area" false true true 8 Double 0 0,First,#,SSO_GIS_Dissolve,Shape_Area,-1,-1" #</Process></lineage><itemProps><itemName Sync="TRUE">2023 BELF University Lands</itemName><imsContentType Sync="TRUE">002</imsContentType><itemLocation><linkage Sync="TRUE">file://\\sso-store\John\Field Issues\2023 University\2023 BELF University Lands.shp</linkage><protocol Sync="TRUE">Local Area Network</protocol></itemLocation><itemSize Sync="TRUE">0.000</itemSize></itemProps><coordRef><type Sync="TRUE">Projected</type><geogcsn Sync="TRUE">GCS_North_American_1983</geogcsn><csUnits Sync="TRUE">Linear Unit: Foot_US (0.304801)</csUnits><projcsn Sync="TRUE">NAD_1983_StatePlane_Nebraska_FIPS_2600_Feet</projcsn><peXml Sync="TRUE">&lt;ProjectedCoordinateSystem xsi:type='typens:ProjectedCoordinateSystem' xmlns:xsi='http://www.w3.org/2001/XMLSchema-instance' xmlns:xs='http://www.w3.org/2001/XMLSchema' xmlns:typens='http://www.esri.com/schemas/ArcGIS/3.0.0'&gt;&lt;WKT&gt;PROJCS[&amp;quot;NAD_1983_StatePlane_Nebraska_FIPS_2600_Feet&amp;quot;,GEOGCS[&amp;quot;GCS_North_American_1983&amp;quot;,DATUM[&amp;quot;D_North_American_1983&amp;quot;,SPHEROID[&amp;quot;GRS_1980&amp;quot;,6378137.0,298.257222101]],PRIMEM[&amp;quot;Greenwich&amp;quot;,0.0],UNIT[&amp;quot;Degree&amp;quot;,0.0174532925199433]],PROJECTION[&amp;quot;Lambert_Conformal_Conic&amp;quot;],PARAMETER[&amp;quot;False_Easting&amp;quot;,1640416.666666667],PARAMETER[&amp;quot;False_Northing&amp;quot;,0.0],PARAMETER[&amp;quot;Central_Meridian&amp;quot;,-100.0],PARAMETER[&amp;quot;Standard_Parallel_1&amp;quot;,40.0],PARAMETER[&amp;quot;Standard_Parallel_2&amp;quot;,43.0],PARAMETER[&amp;quot;Latitude_Of_Origin&amp;quot;,39.83333333333334],UNIT[&amp;quot;Foot_US&amp;quot;,0.3048006096012192],AUTHORITY[&amp;quot;EPSG&amp;quot;,26852]]&lt;/WKT&gt;&lt;XOrigin&gt;-119097700&lt;/XOrigin&gt;&lt;YOrigin&gt;-96454900&lt;/YOrigin&gt;&lt;XYScale&gt;37300567.321918227&lt;/XYScale&gt;&lt;ZOrigin&gt;-100000&lt;/ZOrigin&gt;&lt;ZScale&gt;10000&lt;/ZScale&gt;&lt;MOrigin&gt;-100000&lt;/MOrigin&gt;&lt;MScale&gt;10000&lt;/MScale&gt;&lt;XYTolerance&gt;0.0032808333333333331&lt;/XYTolerance&gt;&lt;ZTolerance&gt;0.001&lt;/ZTolerance&gt;&lt;MTolerance&gt;0.001&lt;/MTolerance&gt;&lt;HighPrecision&gt;true&lt;/HighPrecision&gt;&lt;WKID&gt;102704&lt;/WKID&gt;&lt;LatestWKID&gt;26852&lt;/LatestWKID&gt;&lt;/ProjectedCoordinateSystem&gt;</peXml></coordRef></DataProperties><SyncDate>20230331</SyncDate><SyncTime>16540900</SyncTime><ModDate>20230331</ModDate><ModTime>16540900</ModTime></Esri><dataIdInfo><envirDesc Sync="TRUE">Microsoft Windows 10 Version 10.0 (Build 22621) ; Esri ArcGIS 13.0.4.36057</envirDesc><dataLang><languageCode value="eng" Sync="TRUE"/><countryCode value="USA" Sync="TRUE"/></dataLang><idCitation><resTitle Sync="TRUE">2023 BELF University Lands</resTitle><presForm><PresFormCd value="005" Sync="TRUE"/></presForm></idCitation><spatRpType><SpatRepTypCd value="001" Sync="TRUE"/></spatRpType></dataIdInfo><mdLang><languageCode value="eng" Sync="TRUE"/><countryCode value="USA" Sync="TRUE"/></mdLang><distInfo><distFormat><formatName Sync="TRUE">Shapefile</formatName></distFormat><distTranOps><transSize Sync="TRUE">0.000</transSize></distTranOps></distInfo><mdHrLv><ScopeCd value="005" Sync="TRUE"/></mdHrLv><mdHrLvName Sync="TRUE">dataset</mdHrLvName><refSysInfo><RefSystem><refSysID><identCode code="26852" Sync="TRUE"/><idCodeSpace Sync="TRUE">EPSG</idCodeSpace><idVersion Sync="TRUE">6.16(10.0.0)</idVersion></refSysID></RefSystem></refSysInfo><spatRepInfo><VectSpatRep><geometObjs Name="2023 BELF University Lands"><geoObjTyp><GeoObjTypCd value="002" Sync="TRUE"></GeoObjTypCd></geoObjTyp><geoObjCnt Sync="TRUE">0</geoObjCnt></geometObjs><topLvl><TopoLevCd value="001" Sync="TRUE"></TopoLevCd></topLvl></VectSpatRep></spatRepInfo><spdoinfo><ptvctinf><esriterm Name="2023 BELF University Lands"><efeatyp Sync="TRUE">Simple</efeatyp><efeageom code="4" Sync="TRUE"></efeageom><esritopo Sync="TRUE">FALSE</esritopo><efeacnt Sync="TRUE">0</efeacnt><spindex Sync="TRUE">FALSE</spindex><linrefer Sync="TRUE">FALSE</linrefer></esriterm></ptvctinf></spdoinfo><eainfo><detailed Name="2023 BELF University Lands"><enttyp><enttypl Sync="TRUE">2023 BELF University Lands</enttypl><enttypt Sync="TRUE">Feature Class</enttypt><enttypc Sync="TRUE">0</enttypc></enttyp><attr><attrlabl Sync="TRUE">FID</attrlabl><attalias Sync="TRUE">FID</attalias><attrtype Sync="TRUE">OID</attrtype><attwidth Sync="TRUE">4</attwidth><atprecis Sync="TRUE">0</atprecis><attscale Sync="TRUE">0</attscale><attrdef Sync="TRUE">Internal feature number.</attrdef><attrdefs Sync="TRUE">Esri</attrdefs><attrdomv><udom Sync="TRUE">Sequential unique whole numbers that are automatically generated.</udom></attrdomv></attr><attr><attrlabl Sync="TRUE">County</attrlabl><attalias Sync="TRUE">County</attalias><attrtype Sync="TRUE">String</attrtype><attwidth Sync="TRUE">15</attwidth><atprecis Sync="TRUE">0</atprecis><attscale Sync="TRUE">0</attscale></attr><attr><attrlabl Sync="TRUE">STR</attrlabl><attalias Sync="TRUE">STR</attalias><attrtype Sync="TRUE">String</attrtype><attwidth Sync="TRUE">20</attwidth><atprecis Sync="TRUE">0</atprecis><attscale Sync="TRUE">0</attscale></attr><attr><attrlabl Sync="TRUE">FundCode</attrlabl><attalias Sync="TRUE">FundCode</attalias><attrtype Sync="TRUE">Integer</attrtype><attwidth Sync="TRUE">5</attwidth><atprecis Sync="TRUE">5</atprecis><attscale Sync="TRUE">0</attscale></attr><attr><attrlabl Sync="TRUE">Fund_Desc</attrlabl><attalias Sync="TRUE">Fund_Desc</attalias><attrtype Sync="TRUE">String</attrtype><attwidth Sync="TRUE">50</attwidth><atprecis Sync="TRUE">0</atprecis><attscale Sync="TRUE">0</attscale></attr><attr><attrlabl Sync="TRUE">Shape</attrlabl><attalias Sync="TRUE">Shape</attalias><attrtype Sync="TRUE">Geometry</attrtype><attwidth Sync="TRUE">0</attwidth><atprecis Sync="TRUE">0</atprecis><attscale Sync="TRUE">0</attscale><attrdef Sync="TRUE">Feature geometry.</attrdef><attrdefs Sync="TRUE">Esri</attrdefs><attrdomv><udom Sync="TRUE">Coordinates defining the features.</udom></attrdomv></attr><attr><attrlabl Sync="TRUE">Shape_Leng</attrlabl><attalias Sync="TRUE">Shape_Leng</attalias><attrtype Sync="TRUE">Double</attrtype><attwidth Sync="TRUE">19</attwidth><atprecis Sync="TRUE">0</atprecis><attscale Sync="TRUE">0</attscale></attr><attr><attrlabl Sync="TRUE">Shape_Area</attrlabl><attalias Sync="TRUE">Shape_Area</attalias><attrtype Sync="TRUE">Double</attrtype><attwidth Sync="TRUE">19</attwidth><atprecis Sync="TRUE">0</atprecis><attscale Sync="TRUE">0</attscale><attrdef Sync="TRUE">Area of feature in internal units squared.</attrdef><attrdefs Sync="TRUE">Esri</attrdefs><attrdomv><udom Sync="TRUE">Positive real numbers that are automatically generated.</udom></attrdomv></attr></detailed></eainfo><mdDateSt Sync="TRUE">20230331</mdDateSt></metadata>
