<metadata xml:lang="en"><Esri><CreaDate>20160119</CreaDate><CreaTime>13590000</CreaTime><ArcGISFormat>1.0</ArcGISFormat><SyncOnce>FALSE</SyncOnce><DataProperties><itemProps><itemName Sync="TRUE">BCPLProperty</itemName><nativeExtBox><westBL Sync="TRUE">303939.624800</westBL><eastBL Sync="TRUE">738854.937900</eastBL><southBL Sync="TRUE">237065.426600</southBL><northBL Sync="TRUE">690017.568800</northBL><exTypeCode Sync="TRUE">1</exTypeCode></nativeExtBox><itemLocation><linkage Sync="TRUE">file://\\accounts\SASI\files\bpl\mdata\A_StaffDirectories\MikeK\Projects\WebMaps\BCPLShapeFileforWeb\BCPLProperty.shp</linkage><protocol Sync="TRUE">Local Area Network</protocol></itemLocation><imsContentType Sync="TRUE" export="False">002</imsContentType><itemSize Sync="TRUE">0.000</itemSize></itemProps><coordRef><type Sync="TRUE">Projected</type><geogcsn Sync="TRUE">GCS_North_American_1983_HARN</geogcsn><csUnits Sync="TRUE">Linear Unit: Meter (1.000000)</csUnits><projcsn Sync="TRUE">NAD_1983_HARN_Transverse_Mercator</projcsn><peXml Sync="TRUE">&lt;ProjectedCoordinateSystem xsi:type='typens:ProjectedCoordinateSystem' xmlns:xsi='http://www.w3.org/2001/XMLSchema-instance' xmlns:xs='http://www.w3.org/2001/XMLSchema' xmlns:typens='http://www.esri.com/schemas/ArcGIS/10.8'&gt;&lt;WKT&gt;PROJCS[&amp;quot;NAD_1983_HARN_Transverse_Mercator&amp;quot;,GEOGCS[&amp;quot;GCS_North_American_1983_HARN&amp;quot;,DATUM[&amp;quot;D_North_American_1983_HARN&amp;quot;,SPHEROID[&amp;quot;GRS_1980&amp;quot;,6378137.0,298.257222101]],PRIMEM[&amp;quot;Greenwich&amp;quot;,0.0],UNIT[&amp;quot;Degree&amp;quot;,0.0174532925199433]],PROJECTION[&amp;quot;Transverse_Mercator&amp;quot;],PARAMETER[&amp;quot;False_Easting&amp;quot;,520000.0],PARAMETER[&amp;quot;False_Northing&amp;quot;,-4480000.0],PARAMETER[&amp;quot;Central_Meridian&amp;quot;,-90.0],PARAMETER[&amp;quot;Scale_Factor&amp;quot;,0.9996],PARAMETER[&amp;quot;Latitude_Of_Origin&amp;quot;,0.0],UNIT[&amp;quot;Meter&amp;quot;,1.0]]&lt;/WKT&gt;&lt;XOrigin&gt;-5100900&lt;/XOrigin&gt;&lt;YOrigin&gt;-14478100&lt;/YOrigin&gt;&lt;XYScale&gt;450445547.3910538&lt;/XYScale&gt;&lt;ZOrigin&gt;-100000&lt;/ZOrigin&gt;&lt;ZScale&gt;10000&lt;/ZScale&gt;&lt;MOrigin&gt;-100000&lt;/MOrigin&gt;&lt;MScale&gt;10000&lt;/MScale&gt;&lt;XYTolerance&gt;0.001&lt;/XYTolerance&gt;&lt;ZTolerance&gt;0.001&lt;/ZTolerance&gt;&lt;MTolerance&gt;0.001&lt;/MTolerance&gt;&lt;HighPrecision&gt;true&lt;/HighPrecision&gt;&lt;/ProjectedCoordinateSystem&gt;</peXml></coordRef><lineage><Process ToolSource="c:\program files (x86)\arcgis\desktop10.2\ArcToolbox\Toolboxes\Data Management Tools.tbx\CalculateField" Date="20160531" Time="123821" Name="" export="">CalculateField GRT24k_edit GLOACRES ROUND((([SHAPE.AREA]/2589988)*640),2) VB #</Process><Process ToolSource="c:\program files (x86)\arcgis\desktop10.2\ArcToolbox\Toolboxes\Data Management Tools.tbx\CalculateField" Date="20160531" Time="123841" Name="" export="">CalculateField GRT24k_edit CALCACRES ROUND((([SHAPE.AREA]/2589988)*640),2) VB #</Process><Process ToolSource="c:\program files (x86)\arcgis\desktop10.2\ArcToolbox\Toolboxes\Data Management Tools.tbx\CalculateField" Date="20160531" Time="123845" Name="" export="">CalculateField GRT24k_edit GPSACRES ROUND((([SHAPE.AREA]/2589988)*640),2) VB #</Process><Process ToolSource="c:\program files (x86)\arcgis\desktop10.2\ArcToolbox\Toolboxes\Data Management Tools.tbx\CalculateField" Date="20160531" Time="123954" Name="" export="">CalculateField GRT24k_edit GLOACRES ROUND((([SHAPE.AREA]/2589988)*640),2) VB #</Process><Process ToolSource="c:\program files (x86)\arcgis\desktop10.2\ArcToolbox\Toolboxes\Data Management Tools.tbx\CalculateField" Date="20160531" Time="124026" Name="" export="">CalculateField GRT24k_edit CALCACRES ROUND((([SHAPE.AREA]/2589988)*640),2) VB #</Process><Process ToolSource="c:\program files (x86)\arcgis\desktop10.2\ArcToolbox\Toolboxes\Data Management Tools.tbx\CalculateField" Date="20160531" Time="124032" Name="" export="">CalculateField GRT24k_edit GPSACRES ROUND((([SHAPE.AREA]/2589988)*640),2) VB #</Process><Process ToolSource="c:\program files (x86)\arcgis\desktop10.2\ArcToolbox\Toolboxes\Data Management Tools.tbx\CalculateField" Date="20160628" Time="105820" Name="" export="">CalculateField GRT24k_edit GLOACRES " ROUND((([SHAPE.AREA]/2589988)*640),2)" VB #</Process><Process ToolSource="c:\program files (x86)\arcgis\desktop10.2\ArcToolbox\Toolboxes\Data Management Tools.tbx\CalculateField" Date="20160628" Time="110718" Name="" export="">CalculateField GRT24k_edit GLOACRES " ROUND((([SHAPE.AREA]/2589988)*640),2)" VB #</Process><Process ToolSource="c:\program files (x86)\arcgis\desktop10.2\ArcToolbox\Toolboxes\Data Management Tools.tbx\CalculateField" Date="20160628" Time="110744" Name="" export="">CalculateField GRT24k_edit CALCACRES " ROUND((([SHAPE.AREA]/2589988)*640),2)" VB #</Process><Process ToolSource="c:\program files (x86)\arcgis\desktop10.2\ArcToolbox\Toolboxes\Data Management Tools.tbx\CalculateField" Date="20160628" Time="110755" Name="" export="">CalculateField GRT24k_edit GPSACRES " ROUND((([SHAPE.AREA]/2589988)*640),2)" VB #</Process><Process ToolSource="c:\program files (x86)\arcgis\desktop10.2\ArcToolbox\Toolboxes\Data Management Tools.tbx\CalculateField" Date="20160628" Time="110922" Name="" export="">CalculateField GRT24k_edit CALCACRES " ROUND((([SHAPE.AREA]/2589988)*640),2)" VB #</Process><Process ToolSource="c:\program files (x86)\arcgis\desktop10.2\ArcToolbox\Toolboxes\Data Management Tools.tbx\CalculateField" Date="20160628" Time="110932" Name="" export="">CalculateField GRT24k_edit GPSACRES " ROUND((([SHAPE.AREA]/2589988)*640),2)" VB #</Process><Process ToolSource="c:\program files (x86)\arcgis\desktop10.2\ArcToolbox\Toolboxes\Data Management Tools.tbx\CalculateField" Date="20160628" Time="111133" Name="" export="">CalculateField GRT24k_edit CALCACRES " ROUND((([SHAPE.AREA]/2589988)*640),2)" VB #</Process><Process ToolSource="c:\program files (x86)\arcgis\desktop10.2\ArcToolbox\Toolboxes\Data Management Tools.tbx\CalculateField" Date="20160628" Time="111142" Name="" export="">CalculateField GRT24k_edit GPSACRES " ROUND((([SHAPE.AREA]/2589988)*640),2)" VB #</Process><Process ToolSource="c:\program files (x86)\arcgis\desktop10.2\ArcToolbox\Toolboxes\Data Management Tools.tbx\CalculateField" Date="20160628" Time="111308" Name="" export="">CalculateField GRT24k_edit CALCACRES " ROUND((([SHAPE.AREA]/2589988)*640),2)" VB #</Process><Process ToolSource="c:\program files (x86)\arcgis\desktop10.2\ArcToolbox\Toolboxes\Data Management Tools.tbx\CalculateField" Date="20160628" Time="111522" Name="" export="">CalculateField GRT24k_edit GLOACRES " ROUND((([SHAPE.AREA]/2589988)*640),2)" VB #</Process><Process ToolSource="c:\program files (x86)\arcgis\desktop10.2\ArcToolbox\Toolboxes\Data Management Tools.tbx\CalculateField" Date="20160628" Time="111530" Name="" export="">CalculateField GRT24k_edit CALCACRES " ROUND((([SHAPE.AREA]/2589988)*640),2)" VB #</Process><Process ToolSource="c:\program files (x86)\arcgis\desktop10.2\ArcToolbox\Toolboxes\Data Management Tools.tbx\CalculateField" Date="20160628" Time="111538" Name="" export="">CalculateField GRT24k_edit GPSACRES " ROUND((([SHAPE.AREA]/2589988)*640),2)" VB #</Process><Process ToolSource="c:\program files (x86)\arcgis\desktop10.2\ArcToolbox\Toolboxes\Data Management Tools.tbx\CalculateField" Date="20160628" Time="112122" Name="" export="">CalculateField GRT24k_edit GLOACRES " ROUND((([SHAPE.AREA]/2589988)*640),2)" VB #</Process><Process ToolSource="c:\program files (x86)\arcgis\desktop10.2\ArcToolbox\Toolboxes\Data Management Tools.tbx\CalculateField" Date="20160628" Time="112136" Name="" export="">CalculateField GRT24k_edit CALCACRES " ROUND((([SHAPE.AREA]/2589988)*640),2)" VB #</Process><Process ToolSource="c:\program files (x86)\arcgis\desktop10.2\ArcToolbox\Toolboxes\Data Management Tools.tbx\CalculateField" Date="20160628" Time="112142" Name="" export="">CalculateField GRT24k_edit GPSACRES " ROUND((([SHAPE.AREA]/2589988)*640),2)" VB #</Process><Process ToolSource="c:\program files (x86)\arcgis\desktop10.2\ArcToolbox\Toolboxes\Data Management Tools.tbx\CalculateField" Date="20160628" Time="112219" Name="" export="">CalculateField GRT24k_edit GLOACRES " ROUND((([SHAPE.AREA]/2589988)*640),2)" VB #</Process><Process ToolSource="c:\program files (x86)\arcgis\desktop10.2\ArcToolbox\Toolboxes\Data Management Tools.tbx\CalculateField" Date="20160628" Time="112244" Name="" export="">CalculateField GRT24k_edit GLOACRES " ROUND((([SHAPE.AREA]/2589988)*640),2)" VB #</Process><Process ToolSource="c:\program files (x86)\arcgis\desktop10.2\ArcToolbox\Toolboxes\Data Management Tools.tbx\CalculateField" Date="20160628" Time="112251" Name="" export="">CalculateField GRT24k_edit CALCACRES " ROUND((([SHAPE.AREA]/2589988)*640),2)" VB #</Process><Process ToolSource="c:\program files (x86)\arcgis\desktop10.2\ArcToolbox\Toolboxes\Data Management Tools.tbx\CalculateField" Date="20160628" Time="112257" Name="" export="">CalculateField GRT24k_edit GPSACRES " ROUND((([SHAPE.AREA]/2589988)*640),2)" VB #</Process><Process ToolSource="c:\program files (x86)\arcgis\desktop10.2\ArcToolbox\Toolboxes\Data Management Tools.tbx\CalculateField" Date="20160628" Time="112342" Name="" export="">CalculateField GRT24k_edit GLOACRES " ROUND((([SHAPE.AREA]/2589988)*640),2)" VB #</Process><Process ToolSource="c:\program files (x86)\arcgis\desktop10.2\ArcToolbox\Toolboxes\Data Management Tools.tbx\CalculateField" Date="20160720" Time="133816" Name="" export="">CalculateField GRT24k_edit TRANS_ID "E1502" VB #</Process><Process ToolSource="c:\program files (x86)\arcgis\desktop10.2\ArcToolbox\Toolboxes\Data Management Tools.tbx\CalculateField" Date="20160720" Time="133933" Name="" export="">CalculateField GRT24k_edit TRANS_ID "E1502" VB #</Process><Process ToolSource="c:\program files (x86)\arcgis\desktop10.2\ArcToolbox\Toolboxes\Data Management Tools.tbx\CalculateField" Date="20160720" Time="134116" Name="" export="">CalculateField GRT24k_edit TRANS_ID "E1502" VB #</Process><Process ToolSource="c:\program files (x86)\arcgis\desktop10.2\ArcToolbox\Toolboxes\Data Management Tools.tbx\CalculateField" Date="20160720" Time="134427" Name="" export="">CalculateField GRT24k_edit TRANS_ID "E1502" VB #</Process><Process ToolSource="c:\program files (x86)\arcgis\desktop10.2\ArcToolbox\Toolboxes\Data Management Tools.tbx\CalculateField" Date="20160720" Time="134507" Name="" export="">CalculateField GRT24k_edit TRANS_ID "E1502" VB #</Process><Process ToolSource="c:\program files (x86)\arcgis\desktop10.2\ArcToolbox\Toolboxes\Data Management Tools.tbx\CalculateField" Date="20160720" Time="134631" Name="" export="">CalculateField GRT24k_edit TRANS_ID "E1502" VB #</Process><Process ToolSource="c:\program files (x86)\arcgis\desktop10.2\ArcToolbox\Toolboxes\Data Management Tools.tbx\CalculateField" Date="20160720" Time="134705" Name="" export="">CalculateField GRT24k_edit MEMOTEXT "Morgan Lake Fen" VB #</Process><Process ToolSource="c:\program files (x86)\arcgis\desktop10.2\ArcToolbox\Toolboxes\Data Management Tools.tbx\CalculateField" Date="20160720" Time="153024" Name="" export="">CalculateField GRT24k_edit TRANS_ID "E1502" VB #</Process><Process ToolSource="c:\program files (x86)\arcgis\desktop10.2\ArcToolbox\Toolboxes\Data Management Tools.tbx\CalculateField" Date="20160720" Time="153043" Name="" export="">CalculateField GRT24k_edit LAST_UPDATE_DATE "7/20/2015" VB #</Process><Process ToolSource="c:\program files (x86)\arcgis\desktop10.2\ArcToolbox\Toolboxes\Data Management Tools.tbx\CalculateField" Date="20160720" Time="153056" Name="" export="">CalculateField GRT24k_edit LAST_UPDATED_BY "MAK" VB #</Process><Process ToolSource="c:\program files (x86)\arcgis\desktop10.2\ArcToolbox\Toolboxes\Data Management Tools.tbx\CalculateField" Date="20160817" Time="101807" Name="" export="">CalculateField GRT24k_edit TRANS_ID "S1701" VB #</Process><Process ToolSource="c:\program files (x86)\arcgis\desktop10.5\ArcToolbox\Toolboxes\Data Management Tools.tbx\CalculateField" Date="20170502" Time="122923" Name="" export="">CalculateField GRT24k_edit GLOACRES 40 VB #</Process><Process ToolSource="c:\program files (x86)\arcgis\desktop10.5\ArcToolbox\Toolboxes\Data Management Tools.tbx\CalculateField" Date="20170502" Time="122949" Name="" export="">CalculateField GRT24k_edit CALCACRES 37.58 VB #</Process><Process ToolSource="c:\program files (x86)\arcgis\desktop10.5\ArcToolbox\Toolboxes\Data Management Tools.tbx\CalculateField" Date="20170502" Time="122953" Name="" export="">CalculateField GRT24k_edit GPSACRES 37.58 VB #</Process><Process ToolSource="c:\program files (x86)\arcgis\desktop10.5\ArcToolbox\Toolboxes\Data Management Tools.tbx\CalculateField" Date="20170502" Time="125200" Name="" export="">CalculateField GRT24k_edit GLOACRES ROUND((([SHAPE.AREA]/2589988)*640),2) VB #</Process><Process ToolSource="c:\program files (x86)\arcgis\desktop10.5\ArcToolbox\Toolboxes\Data Management Tools.tbx\CalculateField" Date="20170502" Time="125206" Name="" export="">CalculateField GRT24k_edit CALCACRES ROUND((([SHAPE.AREA]/2589988)*640),2) VB #</Process><Process ToolSource="c:\program files (x86)\arcgis\desktop10.5\ArcToolbox\Toolboxes\Data Management Tools.tbx\CalculateField" Date="20170502" Time="125213" Name="" export="">CalculateField GRT24k_edit GPSACRES ROUND((([SHAPE.AREA]/2589988)*640),2) VB #</Process><Process ToolSource="c:\program files (x86)\arcgis\desktop10.5\ArcToolbox\Toolboxes\Data Management Tools.tbx\CalculateField" Date="20170502" Time="125616" Name="" export="">CalculateField GRT24k_edit GLOACRES ROUND((([SHAPE.AREA]/2589988)*640),2) VB #</Process><Process ToolSource="c:\program files (x86)\arcgis\desktop10.5\ArcToolbox\Toolboxes\Data Management Tools.tbx\CalculateField" Date="20170502" Time="125622" Name="" export="">CalculateField GRT24k_edit CALCACRES ROUND((([SHAPE.AREA]/2589988)*640),2) VB #</Process><Process ToolSource="c:\program files (x86)\arcgis\desktop10.5\ArcToolbox\Toolboxes\Data Management Tools.tbx\CalculateField" Date="20170502" Time="125628" Name="" export="">CalculateField GRT24k_edit GPSACRES ROUND((([SHAPE.AREA]/2589988)*640),2) VB #</Process><Process ToolSource="c:\program files (x86)\arcgis\desktop10.5\ArcToolbox\Toolboxes\Data Management Tools.tbx\CalculateField" Date="20170524" Time="133524" Name="" export="">CalculateField GRT24k_edit TRANS_ID "S1705" VB #</Process><Process ToolSource="c:\program files (x86)\arcgis\desktop10.5\ArcToolbox\Toolboxes\Data Management Tools.tbx\CalculateField" Date="20170524" Time="133615" Name="" export="">CalculateField GRT24k_edit TRANS_ID "S1706" VB #</Process><Process ToolSource="c:\program files (x86)\arcgis\desktop10.5\ArcToolbox\Toolboxes\Data Management Tools.tbx\CalculateField" Date="20170531" Time="100747" Name="" export="">CalculateField GRT24k_edit PLSSQUARTER "SW" VB #</Process><Process ToolSource="c:\program files (x86)\arcgis\desktop10.5\ArcToolbox\Toolboxes\Data Management Tools.tbx\CalculateField" Date="20170531" Time="100800" Name="" export="">CalculateField GRT24k_edit PLSSQQUARTER "NW" VB #</Process><Process ToolSource="c:\program files (x86)\arcgis\desktop10.5\ArcToolbox\Toolboxes\Data Management Tools.tbx\CalculateField" Date="20170531" Time="100823" Name="" export="">CalculateField GRT24k_edit DTRSQQ "426160623" VB #</Process><Process ToolSource="c:\program files (x86)\arcgis\desktop10.5\ArcToolbox\Toolboxes\Data Management Tools.tbx\CalculateField" Date="20170531" Time="100858" Name="" export="">CalculateField GRT24k_edit PLSSDIR_PL "E,26,16,06,SW,NW,0001" VB #</Process><Process ToolSource="c:\program files (x86)\arcgis\desktop10.5\ArcToolbox\Toolboxes\Data Management Tools.tbx\CalculateField" Date="20170531" Time="105033" Name="" export="">CalculateField GRT24k_edit PLSSQQUARTER "SW" VB #</Process><Process ToolSource="c:\program files (x86)\arcgis\desktop10.5\ArcToolbox\Toolboxes\Data Management Tools.tbx\CalculateField" Date="20170531" Time="105105" Name="" export="">CalculateField GRT24k_edit PLSSDIR_PL "E,40,09,32,NE,SW,0002" VB #</Process><Process ToolSource="c:\program files (x86)\arcgis\desktop10.5\ArcToolbox\Toolboxes\Data Management Tools.tbx\AddField" Date="20170626" Time="125321" Name="" export="">AddField GRT24k_edit FOREST_MANAGEMENT_UNIT TEXT # # 50 # NULLABLE NON_REQUIRED #</Process><Process ToolSource="c:\program files (x86)\arcgis\desktop10.5\ArcToolbox\Toolboxes\Data Management Tools.tbx\DeleteField" Date="20170626" Time="125412" Name="" export="">DeleteField GRT24k_edit PLANNING_AREA</Process><Process ToolSource="c:\program files (x86)\arcgis\desktop10.5\ArcToolbox\Toolboxes\Data Management Tools.tbx\CalculateField" Date="20170823" Time="111224" Name="" export="">CalculateField GRT24k_edit MUNIPARCELNUM 745 VB #</Process><Process ToolSource="c:\program files (x86)\arcgis\desktop10.5\ArcToolbox\Toolboxes\Data Management Tools.tbx\CalculateField" Date="20170823" Time="112132" Name="" export="">CalculateField GRT24k_edit MINERALRIGHTS "Y" VB #</Process><Process ToolSource="c:\program files (x86)\arcgis\desktop10.5\ArcToolbox\Toolboxes\Data Management Tools.tbx\CalculateField" Date="20170914" Time="100030">CalculateField GRT24k_edit MINERALRIGHTS "Y" VB #</Process><Process ToolSource="c:\program files (x86)\arcgis\desktop10.5\ArcToolbox\Toolboxes\Data Management Tools.tbx\CalculateField" Date="20180509" Time="140244">CalculateField GRT24k_edit GLOACRES 2.2 VB #</Process><Process ToolSource="c:\program files (x86)\arcgis\desktop10.5\ArcToolbox\Toolboxes\Data Management Tools.tbx\CalculateField" Date="20180509" Time="140430">CalculateField GRT24k_edit CALCACRES ROUND((([SHAPE.AREA]/2589988)*640),2) VB #</Process><Process ToolSource="c:\program files (x86)\arcgis\desktop10.5\ArcToolbox\Toolboxes\Data Management Tools.tbx\CalculateField" Date="20180509" Time="140441">CalculateField GRT24k_edit GPSACRES ROUND((([SHAPE.AREA]/2589988)*640),2) VB #</Process><Process ToolSource="c:\program files (x86)\arcgis\desktop10.5\ArcToolbox\Toolboxes\Data Management Tools.tbx\CalculateField" Date="20180906" Time="091837">CalculateField GRT24k_edit CALCACRES "  ROUND((([SHAPE.AREA]/2589988)*640),2)" VB #</Process><Process ToolSource="c:\program files (x86)\arcgis\desktop10.5\ArcToolbox\Toolboxes\Data Management Tools.tbx\CalculateField" Date="20180906" Time="091937">CalculateField GRT24k_edit CALCACRES "  ROUND((([SHAPE.AREA]/2589988)*640),2)" VB #</Process><Process ToolSource="c:\program files (x86)\arcgis\desktop10.5\ArcToolbox\Toolboxes\Data Management Tools.tbx\CalculateField" Date="20180906" Time="092117">CalculateField GRT24k_edit CALCACRES "  ROUND((([SHAPE.AREA]/2589988)*640),2)" VB #</Process><Process ToolSource="c:\program files (x86)\arcgis\desktop10.5\ArcToolbox\Toolboxes\Data Management Tools.tbx\CalculateField" Date="20180906" Time="092146">CalculateField GRT24k_edit CALCACRES "  ROUND((([SHAPE.AREA]/2589988)*640),2)" VB #</Process><Process ToolSource="c:\program files (x86)\arcgis\desktop10.5\ArcToolbox\Toolboxes\Data Management Tools.tbx\CalculateField" Date="20180906" Time="092155">CalculateField GRT24k_edit GPSACRES "  ROUND((([SHAPE.AREA]/2589988)*640),2)" VB #</Process><Process ToolSource="c:\program files (x86)\arcgis\desktop10.5\ArcToolbox\Toolboxes\Data Management Tools.tbx\CalculateField" Date="20180912" Time="084414">CalculateField GRT24k_edit DNRREGION "NORTHERN" VB #</Process><Process ToolSource="c:\program files (x86)\arcgis\desktop10.5\ArcToolbox\Toolboxes\Data Management Tools.tbx\CalculateField" Date="20180924" Time="134627">CalculateField GRT24k_edit MUNIPARCELNUM "744" VB #</Process><Process ToolSource="c:\program files (x86)\arcgis\desktop10.5\ArcToolbox\Toolboxes\Data Management Tools.tbx\CalculateField" Date="20180924" Time="134704">CalculateField GRT24k_edit LAST_UPDATE_DATE "9/13/2018" VB #</Process><Process ToolSource="c:\program files (x86)\arcgis\desktop10.5\ArcToolbox\Toolboxes\Data Management Tools.tbx\CalculateField" Date="20180924" Time="134735">CalculateField GRT24k_edit WATER "N" VB #</Process><Process ToolSource="c:\program files (x86)\arcgis\desktop10.5\ArcToolbox\Toolboxes\Data Management Tools.tbx\CalculateField" Date="20180924" Time="134803">CalculateField GRT24k_edit WATER 0 VB #</Process><Process ToolSource="c:\program files (x86)\arcgis\desktop10.5\ArcToolbox\Toolboxes\Data Management Tools.tbx\CalculateField" Date="20180924" Time="134835">CalculateField GRT24k_edit FOREST_MANAGEMENT_UNIT "Not Assigned" VB #</Process><Process ToolSource="c:\program files (x86)\arcgis\desktop10.5\ArcToolbox\Toolboxes\Data Management Tools.tbx\CalculateField" Date="20180926" Time="110556">CalculateField GRT24k_edit GLOACRES 23.58 VB #</Process><Process ToolSource="c:\program files (x86)\arcgis\desktop10.5\ArcToolbox\Toolboxes\Data Management Tools.tbx\CalculateField" Date="20180926" Time="111031">CalculateField GRT24k_edit MEMOTEXT "Mostly Submerged lands - reshaped disjointed pieces into one lot 22.4 + 1.18" VB #</Process><Process ToolSource="c:\program files (x86)\arcgis\desktop10.5\ArcToolbox\Toolboxes\Data Management Tools.tbx\CalculateField" Date="20181001" Time="103817">CalculateField GRT24k_edit CALCACRES "GLOACRES =   ROUND((([SHAPE.AREA]/2589988)*640),2)
" VB #</Process><Process ToolSource="c:\program files (x86)\arcgis\desktop10.5\ArcToolbox\Toolboxes\Data Management Tools.tbx\CalculateField" Date="20181001" Time="103914">CalculateField GRT24k_edit CALCACRES "GLOACRES =   ROUND((([SHAPE.AREA]/2589988)*640),2)
" VB #</Process><Process ToolSource="c:\program files (x86)\arcgis\desktop10.5\ArcToolbox\Toolboxes\Data Management Tools.tbx\CalculateField" Date="20181001" Time="103927">CalculateField GRT24k_edit GPSACRES "GLOACRES =   ROUND((([SHAPE.AREA]/2589988)*640),2)
" VB #</Process><Process ToolSource="c:\program files (x86)\arcgis\desktop10.5\ArcToolbox\Toolboxes\Data Management Tools.tbx\CalculateField" Date="20181001" Time="104036">CalculateField GRT24k_edit CALCACRES "GLOACRES =   ROUND((([SHAPE.AREA]/2589988)*640),2)
" VB #</Process><Process ToolSource="c:\program files (x86)\arcgis\desktop10.5\ArcToolbox\Toolboxes\Data Management Tools.tbx\CalculateField" Date="20181001" Time="104123">CalculateField GRT24k_edit CALCACRES ROUND((([SHAPE.AREA]/2589988)*640),2)
 VB #</Process><Process ToolSource="c:\program files (x86)\arcgis\desktop10.5\ArcToolbox\Toolboxes\Data Management Tools.tbx\CalculateField" Date="20181001" Time="104129">CalculateField GRT24k_edit GPSACRES ROUND((([SHAPE.AREA]/2589988)*640),2)
 VB #</Process><Process ToolSource="c:\program files (x86)\arcgis\desktop10.6\ArcToolbox\Toolboxes\Data Management Tools.tbx\CalculateField" Date="20190228" Time="142648">CalculateField GRT24k_edit CALCACRES ROUND((([SHAPE.AREA]/2589988)*640),2) VB #</Process><Process ToolSource="c:\program files (x86)\arcgis\desktop10.6\ArcToolbox\Toolboxes\Data Management Tools.tbx\CalculateField" Date="20190228" Time="142844">CalculateField GRT24k_edit CALCACRES ROUND((([SHAPE.AREA]/2589988)*640),2) VB #</Process><Process ToolSource="c:\program files (x86)\arcgis\desktop10.6\ArcToolbox\Toolboxes\Data Management Tools.tbx\CalculateField" Date="20190228" Time="142852">CalculateField GRT24k_edit GPSACRES ROUND((([SHAPE.AREA]/2589988)*640),2) VB #</Process><Process ToolSource="c:\program files (x86)\arcgis\desktop10.6\ArcToolbox\Toolboxes\Data Management Tools.tbx\CalculateField" Date="20190228" Time="143021">CalculateField GRT24k_edit CALCACRES ROUND((([SHAPE.AREA]/2589988)*640),2) VB #</Process><Process ToolSource="c:\program files (x86)\arcgis\desktop10.6\ArcToolbox\Toolboxes\Data Management Tools.tbx\CalculateField" Date="20190228" Time="143121">CalculateField GRT24k_edit CALCACRES ROUND((([SHAPE.AREA]/2589988)*640),2) VB #</Process><Process ToolSource="c:\program files (x86)\arcgis\desktop10.6\ArcToolbox\Toolboxes\Data Management Tools.tbx\CalculateField" Date="20190228" Time="143129">CalculateField GRT24k_edit GPSACRES ROUND((([SHAPE.AREA]/2589988)*640),2) VB #</Process><Process ToolSource="c:\program files (x86)\arcgis\desktop10.6\ArcToolbox\Toolboxes\Data Management Tools.tbx\CalculateField" Date="20190228" Time="144842">CalculateField GRT24k_edit PLSSQQUARTER "NW" VB #</Process><Process ToolSource="c:\program files (x86)\arcgis\desktop10.6\ArcToolbox\Toolboxes\Data Management Tools.tbx\CalculateField" Date="20190521" Time="110120">CalculateField GRT24k_edit CALCACRES " ROUND((([SHAPE.AREA]/2589988)*640),2)" VB #</Process><Process ToolSource="c:\program files (x86)\arcgis\desktop10.6\ArcToolbox\Toolboxes\Data Management Tools.tbx\CalculateField" Date="20190521" Time="110332">CalculateField GRT24k_edit GPSACRES " ROUND((([SHAPE.AREA]/2589988)*640),2)" VB #</Process><Process ToolSource="c:\program files (x86)\arcgis\desktop10.6\ArcToolbox\Toolboxes\Data Management Tools.tbx\CalculateField" Date="20190521" Time="111255">CalculateField GRT24k_edit CALCACRES " ROUND((([SHAPE.AREA]/2589988)*640),2)" VB #</Process><Process ToolSource="c:\program files (x86)\arcgis\desktop10.6\ArcToolbox\Toolboxes\Data Management Tools.tbx\CalculateField" Date="20190521" Time="111302">CalculateField GRT24k_edit GPSACRES " ROUND((([SHAPE.AREA]/2589988)*640),2)" VB #</Process><Process ToolSource="c:\program files (x86)\arcgis\desktop10.6\ArcToolbox\Toolboxes\Data Management Tools.tbx\CalculateField" Date="20190521" Time="113132">CalculateField GRT24k_edit LAST_UPDATED_BY "MAK" VB #</Process><Process ToolSource="c:\program files (x86)\arcgis\desktop10.6\ArcToolbox\Toolboxes\Data Management Tools.tbx\CalculateField" Date="20190708" Time="144235">CalculateField GRT24k_edit MINERALRIGHTS "N" VB #</Process><Process ToolSource="c:\program files (x86)\arcgis\desktop10.6\ArcToolbox\Toolboxes\Data Management Tools.tbx\CalculateField" Date="20191216" Time="115646">CalculateField GRT24k_edit MUNIPARCELNUM 745 VB #</Process><Process ToolSource="c:\program files (x86)\arcgis\desktop10.6\ArcToolbox\Toolboxes\Data Management Tools.tbx\CalculateField" Date="20191216" Time="115709">CalculateField GRT24k_edit LAST_UPDATE_DATE "12/16/2019" VB #</Process><Process ToolSource="c:\program files (x86)\arcgis\desktop10.6\ArcToolbox\Toolboxes\Data Management Tools.tbx\CalculateField" Date="20191216" Time="115723">CalculateField GRT24k_edit DNRREGION "Northern" VB #</Process><Process ToolSource="c:\program files (x86)\arcgis\desktop10.6\ArcToolbox\Toolboxes\Data Management Tools.tbx\CalculateField" Date="20191216" Time="115750">CalculateField GRT24k_edit WATER 0 VB #</Process><Process ToolSource="c:\program files (x86)\arcgis\desktop10.6\ArcToolbox\Toolboxes\Data Management Tools.tbx\CalculateField" Date="20191216" Time="115810">CalculateField GRT24k_edit GEO_FLAG "A" VB #</Process><Process ToolSource="c:\program files (x86)\arcgis\desktop10.6\ArcToolbox\Toolboxes\Data Management Tools.tbx\CalculateField" Date="20191216" Time="115839">CalculateField GRT24k_edit FOREST_MANAGEMENT_UNIT "Remote Forestland" VB #</Process><Process ToolSource="c:\program files (x86)\arcgis\desktop10.6\ArcToolbox\Toolboxes\Data Management Tools.tbx\CalculateField" Date="20191216" Time="120249">CalculateField GRT24k_edit GEO_FLAG "A" VB #</Process><Process ToolSource="c:\program files (x86)\arcgis\desktop10.6\ArcToolbox\Toolboxes\Data Management Tools.tbx\CalculateField" Date="20191216" Time="120300">CalculateField GRT24k_edit WATER 0 VB #</Process><Process ToolSource="c:\program files (x86)\arcgis\desktop10.6\ArcToolbox\Toolboxes\Data Management Tools.tbx\CalculateField" Date="20191216" Time="120315">CalculateField GRT24k_edit DNRREGION "Northern" VB #</Process><Process ToolSource="c:\program files (x86)\arcgis\desktop10.6\ArcToolbox\Toolboxes\Data Management Tools.tbx\CalculateField" Date="20191216" Time="120332">CalculateField GRT24k_edit LAST_UPDATE_DATE "12/16/2019" VB #</Process><Process ToolSource="c:\program files (x86)\arcgis\desktop10.6\ArcToolbox\Toolboxes\Data Management Tools.tbx\CalculateField" Date="20191216" Time="120349">CalculateField GRT24k_edit MUNIPARCELNUM 745 VB #</Process><Process ToolSource="c:\program files (x86)\arcgis\desktop10.6\ArcToolbox\Toolboxes\Data Management Tools.tbx\CalculateField" Date="20191216" Time="120414">CalculateField GRT24k_edit MINERALRIGHTS "Y" VB #</Process><Process ToolSource="c:\program files (x86)\arcgis\desktop10.6\ArcToolbox\Toolboxes\Data Management Tools.tbx\CalculateField" Date="20191216" Time="120504">CalculateField GRT24k_edit FOREST_MANAGEMENT_UNIT "Willow Region" VB #</Process><Process ToolSource="c:\program files (x86)\arcgis\desktop10.6\ArcToolbox\Toolboxes\Data Management Tools.tbx\CalculateField" Date="20200116" Time="114135">CalculateField GRT24k_edit COUNTYNUM 44 VB #</Process><Process ToolSource="c:\program files (x86)\arcgis\desktop10.6\ArcToolbox\Toolboxes\Data Management Tools.tbx\CalculateField" Date="20200302" Time="132605">CalculateField GRT24k_edit GLOACRES 40 VB #</Process><Process ToolSource="c:\program files (x86)\arcgis\desktop10.6\ArcToolbox\Toolboxes\Data Management Tools.tbx\CalculateField" Date="20200302" Time="142902">CalculateField GRT24k_edit GLOACRES 40 VB #</Process><Process ToolSource="c:\program files (x86)\arcgis\desktop10.6\ArcToolbox\Toolboxes\Data Management Tools.tbx\CalculateField" Date="20200302" Time="142959">CalculateField GRT24k_edit GLOACRES 42.68 VB #</Process><Process ToolSource="c:\program files (x86)\arcgis\desktop10.6\ArcToolbox\Toolboxes\Data Management Tools.tbx\CalculateField" Date="20200302" Time="145504">CalculateField GRT24k_edit CALCACRES "ROUND (( [SHAPE.Area] * 0.0002471054), 2)" VB #</Process><Process ToolSource="c:\program files (x86)\arcgis\desktop10.6\ArcToolbox\Toolboxes\Data Management Tools.tbx\CalculateField" Date="20200302" Time="145516">CalculateField GRT24k_edit GPSACRES "ROUND (( [SHAPE.Area] * 0.0002471054), 2)" VB #</Process><Process ToolSource="c:\program files (x86)\arcgis\desktop10.6\ArcToolbox\Toolboxes\Data Management Tools.tbx\CalculateField" Date="20200302" Time="152302">CalculateField GRT24k_edit GLOACRES 32.57 VB #</Process><Process ToolSource="c:\program files (x86)\arcgis\desktop10.6\ArcToolbox\Toolboxes\Data Management Tools.tbx\CalculateField" Date="20200520" Time="083247">CalculateField GRT24k_edit CALCACRES ROUND((([SHAPE.AREA]/2589988)*640),2) VB #</Process><Process ToolSource="c:\program files (x86)\arcgis\desktop10.8\ArcToolbox\Toolboxes\Data Management Tools.tbx\CalculateField" Date="20200908" Time="070120">CalculateField "Current BCPL Land" TRANS_ID "S2001" VB #</Process><Process ToolSource="c:\program files (x86)\arcgis\desktop10.8\ArcToolbox\Toolboxes\Data Management Tools.tbx\CalculateField" Date="20200908" Time="070204">CalculateField "Current BCPL Land" MEMOTEXT "S2001 Main Creek" VB #</Process><Process ToolSource="c:\program files (x86)\arcgis\desktop10.8\ArcToolbox\Toolboxes\Data Management Tools.tbx\CalculateField" Date="20210401" Time="145509">CalculateField GRT24k_edit GPSACRES ROUND((([SHAPE.AREA]/2589988)*640),2) VB #</Process><Process ToolSource="c:\program files (x86)\arcgis\desktop10.8\ArcToolbox\Toolboxes\Data Management Tools.tbx\CalculateField" Date="20210519" Time="084804">CalculateField GRT24k_edit FOREST_MANAGEMENT_UNIT "Pier Lake" VB #</Process><Process ToolSource="c:\program files (x86)\arcgis\desktop10.8\ArcToolbox\Toolboxes\Data Management Tools.tbx\CalculateField" Date="20210519" Time="084836">CalculateField GRT24k_edit LAST_UPDATE_DATE "5/19/2021" VB #</Process><Process ToolSource="c:\program files (x86)\arcgis\desktop10.8\ArcToolbox\Toolboxes\Data Management Tools.tbx\CalculateField" Date="20210520" Time="102252">CalculateField GRT24k_edit LAST_UPDATE_DATE "5/19/2021" VB #</Process><Process ToolSource="c:\program files (x86)\arcgis\desktop10.8\ArcToolbox\Toolboxes\Data Management Tools.tbx\CalculateField" Date="20210520" Time="102529">CalculateField GRT24k_edit FOREST_MANAGEMENT_UNIT "Pier Lake" VB #</Process><Process ToolSource="c:\program files (x86)\arcgis\desktop10.8\ArcToolbox\Toolboxes\Data Management Tools.tbx\CalculateField" Date="20210520" Time="104131">CalculateField GRT24k_edit BCPLOWNED "Y" VB #</Process><Process ToolSource="c:\program files (x86)\arcgis\desktop10.8\ArcToolbox\Toolboxes\Data Management Tools.tbx\CalculateField" Date="20210520" Time="124432">CalculateField GRT24k_edit CALCACRES ROUND((([SHAPE.AREA]/2589988)*640),2) VB #</Process><Process ToolSource="c:\program files (x86)\arcgis\desktop10.8\ArcToolbox\Toolboxes\Data Management Tools.tbx\CalculateField" Date="20210520" Time="124440">CalculateField GRT24k_edit GPSACRES ROUND((([SHAPE.AREA]/2589988)*640),2) VB #</Process><Process ToolSource="c:\program files (x86)\arcgis\desktop10.8\ArcToolbox\Toolboxes\Data Management Tools.tbx\CalculateField" Date="20210615" Time="074537">CalculateField GRT24k_edit LANDCLASS 744 VB #</Process><Process ToolSource="c:\program files (x86)\arcgis\desktop10.8\ArcToolbox\Toolboxes\Data Management Tools.tbx\CalculateField" Date="20210708" Time="091235">CalculateField GRT24k_edit MUNIPARCEL "MI 344" VB #</Process><Process ToolSource="c:\program files (x86)\arcgis\desktop10.8\ArcToolbox\Toolboxes\Data Management Tools.tbx\CalculateField" Date="20220315" Time="081051">CalculateField GRT24k_edit MINERALRIGHTS "Y" VB #</Process><Process ToolSource="c:\program files (x86)\arcgis\desktop10.8\ArcToolbox\Toolboxes\Data Management Tools.tbx\CalculateField" Date="20220315" Time="082045">CalculateField GRT24k_edit MINERALRIGHTS "Y" VB #</Process><Process ToolSource="c:\program files (x86)\arcgis\desktop10.8\ArcToolbox\Toolboxes\Data Management Tools.tbx\CalculateField" Date="20220315" Time="082142">CalculateField GRT24k_edit MINERALRIGHTS "Y" VB #</Process><Process ToolSource="c:\program files (x86)\arcgis\desktop10.8\ArcToolbox\Toolboxes\Data Management Tools.tbx\CalculateField" Date="20220315" Time="082413">CalculateField GRT24k_edit MINERALRIGHTS "Y" VB #</Process><Process ToolSource="c:\program files (x86)\arcgis\desktop10.8\ArcToolbox\Toolboxes\Data Management Tools.tbx\CalculateField" Date="20220315" Time="082652">CalculateField GRT24k_edit MINERALRIGHTS "Y" VB #</Process><Process ToolSource="c:\program files (x86)\arcgis\desktop10.8\ArcToolbox\Toolboxes\Data Management Tools.tbx\CalculateField" Date="20220315" Time="082807">CalculateField GRT24k_edit MINERALRIGHTS "Y" VB #</Process><Process ToolSource="c:\program files (x86)\arcgis\desktop10.8\ArcToolbox\Toolboxes\Data Management Tools.tbx\CalculateField" Date="20220315" Time="082854">CalculateField GRT24k_edit MINERALRIGHTS "Y" VB #</Process><Process ToolSource="c:\program files (x86)\arcgis\desktop10.8\ArcToolbox\Toolboxes\Data Management Tools.tbx\CalculateField" Date="20220315" Time="082941">CalculateField GRT24k_edit MINERALRIGHTS "Y" VB #</Process><Process ToolSource="c:\program files (x86)\arcgis\desktop10.8\ArcToolbox\Toolboxes\Data Management Tools.tbx\CalculateField" Date="20220315" Time="083213">CalculateField GRT24k_edit MINERALRIGHTS "Y" VB #</Process><Process ToolSource="c:\program files (x86)\arcgis\desktop10.8\ArcToolbox\Toolboxes\Data Management Tools.tbx\CalculateField" Date="20220315" Time="083315">CalculateField GRT24k_edit MINERALRIGHTS "Y" VB #</Process><Process ToolSource="c:\program files (x86)\arcgis\desktop10.8\ArcToolbox\Toolboxes\Data Management Tools.tbx\CalculateField" Date="20220315" Time="083342">CalculateField GRT24k_edit MINERALRIGHTS "Y" VB #</Process><Process ToolSource="c:\program files (x86)\arcgis\desktop10.8\ArcToolbox\Toolboxes\Data Management Tools.tbx\CalculateField" Date="20220315" Time="083448">CalculateField GRT24k_edit MINERALRIGHTS "Y" VB #</Process><Process ToolSource="c:\program files (x86)\arcgis\desktop10.8\ArcToolbox\Toolboxes\Data Management Tools.tbx\CalculateField" Date="20220315" Time="083601">CalculateField GRT24k_edit MINERALRIGHTS "Y" VB #</Process><Process ToolSource="c:\program files (x86)\arcgis\desktop10.8\ArcToolbox\Toolboxes\Data Management Tools.tbx\CalculateField" Date="20220315" Time="083642">CalculateField GRT24k_edit MINERALRIGHTS "Y" VB #</Process><Process ToolSource="c:\program files (x86)\arcgis\desktop10.8\ArcToolbox\Toolboxes\Data Management Tools.tbx\CalculateField" Date="20220315" Time="105146">CalculateField GRT24k_edit MINERALRIGHTS "Y" VB #</Process><Process ToolSource="c:\program files (x86)\arcgis\desktop10.8\ArcToolbox\Toolboxes\Data Management Tools.tbx\CalculateField" Date="20220408" Time="131410">CalculateField "SDE READ-ONLY LAYERS\GIS.BCPL Parcels" PROPERTY_NAME "Double Bend" VB #</Process><Process ToolSource="c:\program files (x86)\arcgis\desktop10.8\ArcToolbox\Toolboxes\Data Management Tools.tbx\CalculateField" Date="20220408" Time="131553">CalculateField "SDE READ-ONLY LAYERS\GIS.BCPL Parcels" PROPERTY_NAME "Spur 250" VB #</Process><Process ToolSource="c:\program files (x86)\arcgis\desktop10.8\ArcToolbox\Toolboxes\Data Management Tools.tbx\CalculateField" Date="20220408" Time="135729">CalculateField "SDE READ-ONLY LAYERS\GIS.BCPL Parcels" PROPERTY_NAME "South Tower" VB #</Process><Process ToolSource="c:\program files (x86)\arcgis\desktop10.8\ArcToolbox\Toolboxes\Data Management Tools.tbx\CalculateField" Date="20220503" Time="093020">CalculateField GRT24k_edit BCPLOWNED "N" VB #</Process><Process ToolSource="c:\program files (x86)\arcgis\desktop10.8\ArcToolbox\Toolboxes\Data Management Tools.tbx\CalculateField" Date="20220503" Time="104447">CalculateField "SDE READ-ONLY LAYERS\GIS.BCPL Parcels" PROPERTY_NAME "Argonne Esker" VB #</Process><Process ToolSource="c:\program files (x86)\arcgis\desktop10.8\ArcToolbox\Toolboxes\Data Management Tools.tbx\CalculateField" Date="20220531" Time="072257">CalculateField GRT24k_edit CALCACRES ROUND((([SHAPE.AREA]/2589988)*640),2) VB #</Process><Process ToolSource="c:\program files (x86)\arcgis\desktop10.8\ArcToolbox\Toolboxes\Data Management Tools.tbx\CalculateField" Date="20220531" Time="072309">CalculateField GRT24k_edit GPSACRES ROUND((([SHAPE.AREA]/2589988)*640),2) VB #</Process><Process ToolSource="c:\program files (x86)\arcgis\desktop10.8\ArcToolbox\Toolboxes\Data Management Tools.tbx\CalculateField" Date="20220531" Time="073412">CalculateField GRT24k_edit PARCEL_DESCRIPTION ""T" &amp; [PLSSTOWN] &amp; " - " &amp; "R" &amp; [PLSSRANGE] &amp; "  " &amp; "Sec" &amp; [PLSSSECTION] &amp; "  "&amp; [PLSSQQUARTER] &amp; [PLSSQUARTER]" VB #</Process><Process ToolSource="c:\program files (x86)\arcgis\desktop10.8\ArcToolbox\Toolboxes\Data Management Tools.tbx\CalculateField" Date="20220531" Time="073551">CalculateField GRT24k_edit PARCEL_DESCRIPTION ""T" &amp; [PLSSTOWN] &amp; " - " &amp; "R" &amp; [PLSSRANGE] &amp; [PLSSDIR] &amp; "  " &amp; "Sec" &amp; [PLSSSECTION] &amp; "  "&amp; [PLSSQQUARTER] &amp; [PLSSQUARTER]" VB #</Process><Process ToolSource="c:\program files (x86)\arcgis\desktop10.8\ArcToolbox\Toolboxes\Data Management Tools.tbx\CalculateField" Date="20220531" Time="073656">CalculateField GRT24k_edit PARCEL_DESCRIPTION ""T" &amp; [PLSSTOWN] &amp; "N - " &amp; "R" &amp; [PLSSRANGE] &amp; [PLSSDIR] &amp; "  " &amp; "Sec" &amp;  " " &amp; [PLSSSECTION] &amp; "  "&amp; [PLSSQQUARTER] &amp; [PLSSQUARTER]" VB #</Process><Process ToolSource="c:\program files (x86)\arcgis\desktop10.8\ArcToolbox\Toolboxes\Data Management Tools.tbx\CalculateField" Date="20220531" Time="073733">CalculateField GRT24k_edit PARCEL_DESCRIPTION ""T" &amp; [PLSSTOWN] &amp; "N - " &amp; "R" &amp; [PLSSRANGE] &amp; [PLSSDIR] &amp; "   " &amp; "Sec" &amp;  " " &amp; [PLSSSECTION] &amp; "   " &amp; [PLSSQQUARTER] &amp; [PLSSQUARTER]" VB #</Process><Process ToolSource="c:\program files (x86)\arcgis\desktop10.8\ArcToolbox\Toolboxes\Data Management Tools.tbx\CalculateField" Date="20220914" Time="064620">CalculateField GRT24k_edit PROPERTY_NAME "Nigig Ziibons 40" VB #</Process><Process ToolSource="c:\program files (x86)\arcgis\desktop10.8\ArcToolbox\Toolboxes\Data Management Tools.tbx\CalculateField" Date="20221214" Time="101102">CalculateField GRT24k_edit LAST_UPDATE_DATE "12/14/2022" VB #</Process><Process ToolSource="c:\program files (x86)\arcgis\desktop10.8\ArcToolbox\Toolboxes\Data Management Tools.tbx\CalculateField" Date="20221214" Time="101201">CalculateField GRT24k_edit PARCEL_DESCRIPTION ""T" &amp; [PLSSTOWN] &amp; "N - " &amp; "R" &amp; [PLSSRANGE] &amp; [PLSSDIR] &amp; "   " &amp; "Sec" &amp;  " " &amp; [PLSSSECTION] &amp; "   " &amp; [PLSSQQUARTER] &amp; [PLSSQUARTER]" VB #</Process><Process ToolSource="c:\program files (x86)\arcgis\desktop10.8\ArcToolbox\Toolboxes\Data Management Tools.tbx\CalculateField" Date="20221216" Time="132730">CalculateField "BCPL Property" TRANS_ID "S2303" VB #</Process><Process ToolSource="c:\program files (x86)\arcgis\desktop10.8\ArcToolbox\Toolboxes\Data Management Tools.tbx\CalculateField" Date="20221222" Time="111622">CalculateField "BCPL Property" TRANS_ID "" VB #</Process><Process ToolSource="c:\program files (x86)\arcgis\desktop10.8\ArcToolbox\Toolboxes\Conversion Tools.tbx\FeatureClassToFeatureClass" Date="20230330" Time="114419">FeatureClassToFeatureClass "Database Connections\gis_prod(op005).sde\GIS.BCPL_Lands\GIS.GRT24K" Q:\A_StaffDirectories\MikeK\Projects\WebMaps\BCPLData.mdb BCPLProperty "BCPLOWNED = 'Y' and DTRSQQ &lt;&gt; 427240244" "PLSSDIR_PL "PLSSDIR_PL" true true false 60 Text 0 0 ,First,#,Database Connections\gis_prod(op005).sde\GIS.BCPL_Lands\GIS.GRT24K,PLSSDIR_PL,-1,-1;PLSSDIR "PLSSDIR" true true false 1 Text 0 0 ,First,#,Database Connections\gis_prod(op005).sde\GIS.BCPL_Lands\GIS.GRT24K,PLSSDIR,-1,-1;PLSSRANGE "PLSSRANGE" true true false 2 Text 0 0 ,First,#,Database Connections\gis_prod(op005).sde\GIS.BCPL_Lands\GIS.GRT24K,PLSSRANGE,-1,-1;PLSSTOWN "PLSSTOWN" true true false 2 Text 0 0 ,First,#,Database Connections\gis_prod(op005).sde\GIS.BCPL_Lands\GIS.GRT24K,PLSSTOWN,-1,-1;PLSSSECTIO "PLSSSECTIO" true true false 2 Text 0 0 ,First,#,Database Connections\gis_prod(op005).sde\GIS.BCPL_Lands\GIS.GRT24K,PLSSSECTION,-1,-1;PLSSQUARTE "PLSSQUARTE" true true false 2 Text 0 0 ,First,#,Database Connections\gis_prod(op005).sde\GIS.BCPL_Lands\GIS.GRT24K,PLSSQUARTER,-1,-1;PLSSQQUART "PLSSQQUART" true true false 2 Text 0 0 ,First,#,Database Connections\gis_prod(op005).sde\GIS.BCPL_Lands\GIS.GRT24K,PLSSQQUARTER,-1,-1;SEQNUM "SEQNUM" true true false 4 Text 0 0 ,First,#,Database Connections\gis_prod(op005).sde\GIS.BCPL_Lands\GIS.GRT24K,SEQNUM,-1,-1;DTRSQQ "DTRSQQ" true true false 4 Long 0 9 ,First,#,Database Connections\gis_prod(op005).sde\GIS.BCPL_Lands\GIS.GRT24K,DTRSQQ,-1,-1;METES_BOUN "METES_BOUN" true true false 250 Text 0 0 ,First,#,Database Connections\gis_prod(op005).sde\GIS.BCPL_Lands\GIS.GRT24K,METES_BOUNDS,-1,-1;MEMOTEXT "MEMOTEXT" true true false 250 Text 0 0 ,First,#,Database Connections\gis_prod(op005).sde\GIS.BCPL_Lands\GIS.GRT24K,MEMOTEXT,-1,-1;GLOACRES "GLOACRES" true true false 4 Float 2 4 ,First,#,Database Connections\gis_prod(op005).sde\GIS.BCPL_Lands\GIS.GRT24K,GLOACRES,-1,-1;CALCACRES "CALCACRES" true true false 8 Double 6 15 ,First,#,Database Connections\gis_prod(op005).sde\GIS.BCPL_Lands\GIS.GRT24K,CALCACRES,-1,-1;GPSACRES "GPSACRES" true true false 8 Double 6 15 ,First,#,Database Connections\gis_prod(op005).sde\GIS.BCPL_Lands\GIS.GRT24K,GPSACRES,-1,-1;LANDCLASS "LANDCLASS" true true false 3 Text 0 0 ,First,#,Database Connections\gis_prod(op005).sde\GIS.BCPL_Lands\GIS.GRT24K,LANDCLASS,-1,-1;COUNTYNUM "COUNTYNUM" true true false 2 Text 0 0 ,First,#,Database Connections\gis_prod(op005).sde\GIS.BCPL_Lands\GIS.GRT24K,COUNTYNUM,-1,-1;LOTTYPE "LOTTYPE" true true false 1 Text 0 0 ,First,#,Database Connections\gis_prod(op005).sde\GIS.BCPL_Lands\GIS.GRT24K,LOTTYPE,-1,-1;MUNIPARCEL "MUNIPARCEL" true true false 50 Text 0 0 ,First,#,Database Connections\gis_prod(op005).sde\GIS.BCPL_Lands\GIS.GRT24K,MUNIPARCEL,-1,-1;MINERALRIG "MINERALRIG" true true false 1 Text 0 0 ,First,#,Database Connections\gis_prod(op005).sde\GIS.BCPL_Lands\GIS.GRT24K,MINERALRIGHTS,-1,-1;BCPLOWNED "BCPLOWNED" true true false 1 Text 0 0 ,First,#,Database Connections\gis_prod(op005).sde\GIS.BCPL_Lands\GIS.GRT24K,BCPLOWNED,-1,-1;QQREVERSED "QQREVERSED" true true false 2 Text 0 0 ,First,#,Database Connections\gis_prod(op005).sde\GIS.BCPL_Lands\GIS.GRT24K,QQREVERSED,-1,-1;GL_OR_QQ "GL_OR_QQ" true true false 50 Text 0 0 ,First,#,Database Connections\gis_prod(op005).sde\GIS.BCPL_Lands\GIS.GRT24K,GL_OR_QQ,-1,-1;LAST_UPDAT "LAST_UPDAT" true true false 8 Text 0 0 ,First,#,Database Connections\gis_prod(op005).sde\GIS.BCPL_Lands\GIS.GRT24K,LAST_UPDATED_BY,-1,-1;LAST_UPD_1 "LAST_UPD_1" true true false 8 Date 0 0 ,First,#,Database Connections\gis_prod(op005).sde\GIS.BCPL_Lands\GIS.GRT24K,LAST_UPDATE_DATE,-1,-1;EXCHANGE_P "EXCHANGE_P" true true false 2 Short 0 1 ,First,#,Database Connections\gis_prod(op005).sde\GIS.BCPL_Lands\GIS.GRT24K,EXCHANGE_PRIORITY,-1,-1;DNRREGION "DNRREGION" true true false 30 Text 0 0 ,First,#,Database Connections\gis_prod(op005).sde\GIS.BCPL_Lands\GIS.GRT24K,DNRREGION,-1,-1;WATER "WATER" true true false 2 Short 0 3 ,First,#,Database Connections\gis_prod(op005).sde\GIS.BCPL_Lands\GIS.GRT24K,WATER,-1,-1;APPRAISED_ "APPRAISED_" true true false 8 Double 2 11 ,First,#,Database Connections\gis_prod(op005).sde\GIS.BCPL_Lands\GIS.GRT24K,APPRAISED_VALUE,-1,-1;GEO_FLAG "GEO_FLAG" true true false 1 Text 0 0 ,First,#,Database Connections\gis_prod(op005).sde\GIS.BCPL_Lands\GIS.GRT24K,GEO_FLAG,-1,-1;TRANS_ID "TRANS_ID" true true false 5 Text 0 0 ,First,#,Database Connections\gis_prod(op005).sde\GIS.BCPL_Lands\GIS.GRT24K,TRANS_ID,-1,-1;FOREST_MAN "FOREST_MAN" true true false 50 Text 0 0 ,First,#,Database Connections\gis_prod(op005).sde\GIS.BCPL_Lands\GIS.GRT24K,FOREST_MANAGEMENT_UNIT,-1,-1;PROPERTY_N "PROPERTY_NAME" true true false 50 Text 0 0 ,First,#,Database Connections\gis_prod(op005).sde\GIS.BCPL_Lands\GIS.GRT24K,PROPERTY_NAME,-1,-1;FUND "FUND" true true false 3 Text 0 0 ,First,#,Database Connections\gis_prod(op005).sde\GIS.BCPL_Lands\GIS.GRT24K,FUND,-1,-1;COUNTY_NAM "COUNTY_NAME" true true false 40 Text 0 0 ,First,#,Database Connections\gis_prod(op005).sde\GIS.BCPL_Lands\GIS.GRT24K,COUNTY_NAME,-1,-1;NATURAL_AR "NATURAL_AREA" true true false 1 Text 0 0 ,First,#,Database Connections\gis_prod(op005).sde\GIS.BCPL_Lands\GIS.GRT24K,NATURAL_AREA,-1,-1;PARCEL_DES "PARCEL_DESCRIPTION" true true false 27 Text 0 0 ,First,#,Database Connections\gis_prod(op005).sde\GIS.BCPL_Lands\GIS.GRT24K,PARCEL_DESCRIPTION,-1,-1;SHAPE_AREA "SHAPE_AREA" false false true 0 Double 0 0 ,First,#,Database Connections\gis_prod(op005).sde\GIS.BCPL_Lands\GIS.GRT24K,SHAPE.AREA,-1,-1;SHAPE_LEN "SHAPE_LEN" false false true 0 Double 0 0 ,First,#,Database Connections\gis_prod(op005).sde\GIS.BCPL_Lands\GIS.GRT24K,SHAPE.LEN,-1,-1" #</Process><Process ToolSource="c:\program files (x86)\arcgis\desktop10.8\ArcToolbox\Toolboxes\Conversion Tools.tbx\FeatureClassToFeatureClass" Date="20230330" Time="114511">FeatureClassToFeatureClass Q:\A_StaffDirectories\MikeK\Projects\WebMaps\BCPLData.mdb\BCPLProperty Q:\A_StaffDirectories\MikeK\Projects\WebMaps\BCPLShapeFileforWeb BCPLProperty.shp # "PLSSDIR_PL "PLSSDIR_PL" true true false 60 Text 0 0 ,First,#,Q:\A_StaffDirectories\MikeK\Projects\WebMaps\BCPLData.mdb\BCPLProperty,PLSSDIR_PL,-1,-1;PLSSDIR "PLSSDIR" true true false 1 Text 0 0 ,First,#,Q:\A_StaffDirectories\MikeK\Projects\WebMaps\BCPLData.mdb\BCPLProperty,PLSSDIR,-1,-1;PLSSRANGE "PLSSRANGE" true true false 2 Text 0 0 ,First,#,Q:\A_StaffDirectories\MikeK\Projects\WebMaps\BCPLData.mdb\BCPLProperty,PLSSRANGE,-1,-1;PLSSTOWN "PLSSTOWN" true true false 2 Text 0 0 ,First,#,Q:\A_StaffDirectories\MikeK\Projects\WebMaps\BCPLData.mdb\BCPLProperty,PLSSTOWN,-1,-1;PLSSSECTIO "PLSSSECTIO" true true false 2 Text 0 0 ,First,#,Q:\A_StaffDirectories\MikeK\Projects\WebMaps\BCPLData.mdb\BCPLProperty,PLSSSECTIO,-1,-1;PLSSQUARTE "PLSSQUARTE" true true false 2 Text 0 0 ,First,#,Q:\A_StaffDirectories\MikeK\Projects\WebMaps\BCPLData.mdb\BCPLProperty,PLSSQUARTE,-1,-1;PLSSQQUART "PLSSQQUART" true true false 2 Text 0 0 ,First,#,Q:\A_StaffDirectories\MikeK\Projects\WebMaps\BCPLData.mdb\BCPLProperty,PLSSQQUART,-1,-1;SEQNUM "SEQNUM" true true false 4 Text 0 0 ,First,#,Q:\A_StaffDirectories\MikeK\Projects\WebMaps\BCPLData.mdb\BCPLProperty,SEQNUM,-1,-1;DTRSQQ "DTRSQQ" true true false 4 Long 0 0 ,First,#,Q:\A_StaffDirectories\MikeK\Projects\WebMaps\BCPLData.mdb\BCPLProperty,DTRSQQ,-1,-1;METES_BOUN "METES_BOUN" true true false 250 Text 0 0 ,First,#,Q:\A_StaffDirectories\MikeK\Projects\WebMaps\BCPLData.mdb\BCPLProperty,METES_BOUN,-1,-1;MEMOTEXT "MEMOTEXT" true true false 250 Text 0 0 ,First,#,Q:\A_StaffDirectories\MikeK\Projects\WebMaps\BCPLData.mdb\BCPLProperty,MEMOTEXT,-1,-1;GLOACRES "GLOACRES" true true false 4 Float 0 0 ,First,#,Q:\A_StaffDirectories\MikeK\Projects\WebMaps\BCPLData.mdb\BCPLProperty,GLOACRES,-1,-1;CALCACRES "CALCACRES" true true false 8 Double 0 0 ,First,#,Q:\A_StaffDirectories\MikeK\Projects\WebMaps\BCPLData.mdb\BCPLProperty,CALCACRES,-1,-1;GPSACRES "GPSACRES" true true false 8 Double 0 0 ,First,#,Q:\A_StaffDirectories\MikeK\Projects\WebMaps\BCPLData.mdb\BCPLProperty,GPSACRES,-1,-1;LANDCLASS "LANDCLASS" true true false 3 Text 0 0 ,First,#,Q:\A_StaffDirectories\MikeK\Projects\WebMaps\BCPLData.mdb\BCPLProperty,LANDCLASS,-1,-1;COUNTYNUM "COUNTYNUM" true true false 2 Text 0 0 ,First,#,Q:\A_StaffDirectories\MikeK\Projects\WebMaps\BCPLData.mdb\BCPLProperty,COUNTYNUM,-1,-1;LOTTYPE "LOTTYPE" true true false 1 Text 0 0 ,First,#,Q:\A_StaffDirectories\MikeK\Projects\WebMaps\BCPLData.mdb\BCPLProperty,LOTTYPE,-1,-1;MUNIPARCEL "MUNIPARCEL" true true false 50 Text 0 0 ,First,#,Q:\A_StaffDirectories\MikeK\Projects\WebMaps\BCPLData.mdb\BCPLProperty,MUNIPARCEL,-1,-1;MINERALRIG "MINERALRIG" true true false 1 Text 0 0 ,First,#,Q:\A_StaffDirectories\MikeK\Projects\WebMaps\BCPLData.mdb\BCPLProperty,MINERALRIG,-1,-1;BCPLOWNED "BCPLOWNED" true true false 1 Text 0 0 ,First,#,Q:\A_StaffDirectories\MikeK\Projects\WebMaps\BCPLData.mdb\BCPLProperty,BCPLOWNED,-1,-1;QQREVERSED "QQREVERSED" true true false 2 Text 0 0 ,First,#,Q:\A_StaffDirectories\MikeK\Projects\WebMaps\BCPLData.mdb\BCPLProperty,QQREVERSED,-1,-1;GL_OR_QQ "GL_OR_QQ" true true false 50 Text 0 0 ,First,#,Q:\A_StaffDirectories\MikeK\Projects\WebMaps\BCPLData.mdb\BCPLProperty,GL_OR_QQ,-1,-1;LAST_UPDAT "LAST_UPDAT" true true false 8 Text 0 0 ,First,#,Q:\A_StaffDirectories\MikeK\Projects\WebMaps\BCPLData.mdb\BCPLProperty,LAST_UPDAT,-1,-1;LAST_UPD_1 "LAST_UPD_1" true true false 8 Date 0 0 ,First,#,Q:\A_StaffDirectories\MikeK\Projects\WebMaps\BCPLData.mdb\BCPLProperty,LAST_UPD_1,-1,-1;EXCHANGE_P "EXCHANGE_P" true true false 2 Short 0 0 ,First,#,Q:\A_StaffDirectories\MikeK\Projects\WebMaps\BCPLData.mdb\BCPLProperty,EXCHANGE_P,-1,-1;DNRREGION "DNRREGION" true true false 30 Text 0 0 ,First,#,Q:\A_StaffDirectories\MikeK\Projects\WebMaps\BCPLData.mdb\BCPLProperty,DNRREGION,-1,-1;WATER "WATER" true true false 2 Short 0 0 ,First,#,Q:\A_StaffDirectories\MikeK\Projects\WebMaps\BCPLData.mdb\BCPLProperty,WATER,-1,-1;APPRAISED_ "APPRAISED_" true true false 8 Double 0 0 ,First,#,Q:\A_StaffDirectories\MikeK\Projects\WebMaps\BCPLData.mdb\BCPLProperty,APPRAISED_,-1,-1;GEO_FLAG "GEO_FLAG" true true false 1 Text 0 0 ,First,#,Q:\A_StaffDirectories\MikeK\Projects\WebMaps\BCPLData.mdb\BCPLProperty,GEO_FLAG,-1,-1;TRANS_ID "TRANS_ID" true true false 5 Text 0 0 ,First,#,Q:\A_StaffDirectories\MikeK\Projects\WebMaps\BCPLData.mdb\BCPLProperty,TRANS_ID,-1,-1;FOREST_MAN "FOREST_MAN" true true false 50 Text 0 0 ,First,#,Q:\A_StaffDirectories\MikeK\Projects\WebMaps\BCPLData.mdb\BCPLProperty,FOREST_MAN,-1,-1;PROPERTY_N "PROPERTY_NAME" true true false 50 Text 0 0 ,First,#,Q:\A_StaffDirectories\MikeK\Projects\WebMaps\BCPLData.mdb\BCPLProperty,PROPERTY_N,-1,-1;FUND "FUND" true true false 3 Text 0 0 ,First,#,Q:\A_StaffDirectories\MikeK\Projects\WebMaps\BCPLData.mdb\BCPLProperty,FUND,-1,-1;COUNTY_NAM "COUNTY_NAME" true true false 40 Text 0 0 ,First,#,Q:\A_StaffDirectories\MikeK\Projects\WebMaps\BCPLData.mdb\BCPLProperty,COUNTY_NAM,-1,-1;NATURAL_AR "NATURAL_AREA" true true false 1 Text 0 0 ,First,#,Q:\A_StaffDirectories\MikeK\Projects\WebMaps\BCPLData.mdb\BCPLProperty,NATURAL_AR,-1,-1;PARCEL_DES "PARCEL_DESCRIPTION" true true false 27 Text 0 0 ,First,#,Q:\A_StaffDirectories\MikeK\Projects\WebMaps\BCPLData.mdb\BCPLProperty,PARCEL_DES,-1,-1;Shape_Leng "Shape_Leng" false true true 8 Double 0 0 ,First,#,Q:\A_StaffDirectories\MikeK\Projects\WebMaps\BCPLData.mdb\BCPLProperty,Shape_Length,-1,-1;Shape_Area "Shape_Area" false true true 8 Double 0 0 ,First,#,Q:\A_StaffDirectories\MikeK\Projects\WebMaps\BCPLData.mdb\BCPLProperty,Shape_Area,-1,-1" #</Process></lineage></DataProperties><SyncDate>20230330</SyncDate><SyncTime>11450700</SyncTime><ModDate>20230330</ModDate><ModTime>11450700</ModTime><scaleRange><minScale>625000</minScale><maxScale>5000</maxScale></scaleRange><ArcGISProfile>FGDC</ArcGISProfile></Esri><eainfo><detailed Name="BCPLProperty" xmlns=""><enttyp><enttypl Sync="TRUE">BCPLProperty</enttypl><enttypt Sync="TRUE">Feature Class</enttypt><enttypc Sync="TRUE">0</enttypc></enttyp><attr><attrlabl Sync="TRUE">FID</attrlabl><attalias Sync="TRUE">FID</attalias><attrtype Sync="TRUE">OID</attrtype><attwidth Sync="TRUE">4</attwidth><atprecis Sync="TRUE">0</atprecis><attscale Sync="TRUE">0</attscale><attrdef Sync="TRUE">Internal feature number.</attrdef><attrdefs Sync="TRUE">Esri</attrdefs><attrdomv><udom Sync="TRUE">Sequential unique whole numbers that are automatically generated.</udom></attrdomv></attr><attr><attrlabl Sync="TRUE">PLSSDIR_PL</attrlabl><attalias Sync="TRUE">PLSSDIR_PL</attalias><attrtype Sync="TRUE">String</attrtype><attwidth Sync="TRUE">60</attwidth><atprecis Sync="TRUE">0</atprecis><attscale Sync="TRUE">0</attscale></attr><attr><attrlabl Sync="TRUE">PLSSDIR</attrlabl><attalias Sync="TRUE">PLSSDIR</attalias><attrtype Sync="TRUE">String</attrtype><attwidth Sync="TRUE">1</attwidth><atprecis Sync="TRUE">0</atprecis><attscale Sync="TRUE">0</attscale></attr><attr><attrlabl Sync="TRUE">PLSSRANGE</attrlabl><attalias Sync="TRUE">PLSSRANGE</attalias><attrtype Sync="TRUE">String</attrtype><attwidth Sync="TRUE">2</attwidth><atprecis Sync="TRUE">0</atprecis><attscale Sync="TRUE">0</attscale></attr><attr><attrlabl Sync="TRUE">PLSSTOWN</attrlabl><attalias Sync="TRUE">PLSSTOWN</attalias><attrtype Sync="TRUE">String</attrtype><attwidth Sync="TRUE">2</attwidth><atprecis Sync="TRUE">0</atprecis><attscale Sync="TRUE">0</attscale></attr><attr><attrlabl Sync="TRUE">SEQNUM</attrlabl><attalias Sync="TRUE">SEQNUM</attalias><attrtype Sync="TRUE">String</attrtype><attwidth Sync="TRUE">4</attwidth><atprecis Sync="TRUE">0</atprecis><attscale Sync="TRUE">0</attscale></attr><attr><attrlabl Sync="TRUE">PLSSSECTIO</attrlabl><attalias Sync="TRUE">PLSSSECTIO</attalias><attrtype Sync="TRUE">String</attrtype><attwidth Sync="TRUE">2</attwidth><atprecis Sync="TRUE">0</atprecis><attscale Sync="TRUE">0</attscale></attr><attr><attrlabl Sync="TRUE">PLSSQUARTE</attrlabl><attalias Sync="TRUE">PLSSQUARTE</attalias><attrtype Sync="TRUE">String</attrtype><attwidth Sync="TRUE">2</attwidth><atprecis Sync="TRUE">0</atprecis><attscale Sync="TRUE">0</attscale></attr><attr><attrlabl Sync="TRUE">PLSSQQUART</attrlabl><attalias Sync="TRUE">PLSSQQUART</attalias><attrtype Sync="TRUE">String</attrtype><attwidth Sync="TRUE">2</attwidth><atprecis Sync="TRUE">0</atprecis><attscale Sync="TRUE">0</attscale></attr><attr><attrlabl Sync="TRUE">DTRSQQ</attrlabl><attalias Sync="TRUE">DTRSQQ</attalias><attrtype Sync="TRUE">Integer</attrtype><attwidth Sync="TRUE">10</attwidth><atprecis Sync="TRUE">10</atprecis><attscale Sync="TRUE">0</attscale></attr><attr><attrlabl Sync="TRUE">MEMOTEXT</attrlabl><attalias Sync="TRUE">MEMOTEXT</attalias><attrtype Sync="TRUE">String</attrtype><attwidth Sync="TRUE">250</attwidth><atprecis Sync="TRUE">0</atprecis><attscale Sync="TRUE">0</attscale></attr><attr><attrlabl Sync="TRUE">METES_BOUN</attrlabl><attalias Sync="TRUE">METES_BOUN</attalias><attrtype Sync="TRUE">String</attrtype><attwidth Sync="TRUE">250</attwidth><atprecis Sync="TRUE">0</atprecis><attscale Sync="TRUE">0</attscale></attr><attr><attrlabl Sync="TRUE">GLOACRES</attrlabl><attalias Sync="TRUE">GLOACRES</attalias><attrtype Sync="TRUE">Single</attrtype><attwidth Sync="TRUE">13</attwidth><atprecis Sync="TRUE">0</atprecis><attscale Sync="TRUE">0</attscale></attr><attr><attrlabl Sync="TRUE">CALCACRES</attrlabl><attalias Sync="TRUE">CALCACRES</attalias><attrtype Sync="TRUE">Double</attrtype><attwidth Sync="TRUE">19</attwidth><atprecis Sync="TRUE">0</atprecis><attscale Sync="TRUE">0</attscale></attr><attr><attrlabl Sync="TRUE">GPSACRES</attrlabl><attalias Sync="TRUE">GPSACRES</attalias><attrtype Sync="TRUE">Double</attrtype><attwidth Sync="TRUE">19</attwidth><atprecis Sync="TRUE">0</atprecis><attscale Sync="TRUE">0</attscale></attr><attr><attrlabl Sync="TRUE">LANDCLASS</attrlabl><attalias Sync="TRUE">LANDCLASS</attalias><attrtype Sync="TRUE">String</attrtype><attwidth Sync="TRUE">3</attwidth><atprecis Sync="TRUE">0</atprecis><attscale Sync="TRUE">0</attscale></attr><attr><attrlabl Sync="TRUE">COUNTYNUM</attrlabl><attalias Sync="TRUE">COUNTYNUM</attalias><attrtype Sync="TRUE">String</attrtype><attwidth Sync="TRUE">2</attwidth><atprecis Sync="TRUE">0</atprecis><attscale Sync="TRUE">0</attscale></attr><attr><attrlabl Sync="TRUE">LOTTYPE</attrlabl><attalias Sync="TRUE">LOTTYPE</attalias><attrtype Sync="TRUE">String</attrtype><attwidth Sync="TRUE">1</attwidth><atprecis Sync="TRUE">0</atprecis><attscale Sync="TRUE">0</attscale></attr><attr><attrlabl Sync="TRUE">MUNIPARCEL</attrlabl><attalias Sync="TRUE">MUNIPARCEL</attalias><attrtype Sync="TRUE">String</attrtype><attwidth Sync="TRUE">50</attwidth><atprecis Sync="TRUE">0</atprecis><attscale Sync="TRUE">0</attscale></attr><attr><attrlabl Sync="TRUE">BCPLOWNED</attrlabl><attalias Sync="TRUE">BCPLOWNED</attalias><attrtype Sync="TRUE">String</attrtype><attwidth Sync="TRUE">1</attwidth><atprecis Sync="TRUE">0</atprecis><attscale Sync="TRUE">0</attscale></attr><attr><attrlabl Sync="TRUE">MINERALRIG</attrlabl><attalias Sync="TRUE">MINERALRIG</attalias><attrtype Sync="TRUE">String</attrtype><attwidth Sync="TRUE">1</attwidth><atprecis Sync="TRUE">0</atprecis><attscale Sync="TRUE">0</attscale></attr><attr><attrlabl Sync="TRUE">QQREVERSED</attrlabl><attalias Sync="TRUE">QQREVERSED</attalias><attrtype Sync="TRUE">String</attrtype><attwidth Sync="TRUE">2</attwidth><atprecis Sync="TRUE">0</atprecis><attscale Sync="TRUE">0</attscale></attr><attr><attrlabl Sync="TRUE">GL_OR_QQ</attrlabl><attalias Sync="TRUE">GL_OR_QQ</attalias><attrtype Sync="TRUE">String</attrtype><attwidth Sync="TRUE">50</attwidth><atprecis Sync="TRUE">0</atprecis><attscale Sync="TRUE">0</attscale></attr><attr><attrlabl Sync="TRUE">DNRREGION</attrlabl><attalias Sync="TRUE">DNRREGION</attalias><attrtype Sync="TRUE">String</attrtype><attwidth Sync="TRUE">30</attwidth><atprecis Sync="TRUE">0</atprecis><attscale Sync="TRUE">0</attscale></attr><attr><attrlabl Sync="TRUE">LAST_UPDAT</attrlabl><attalias Sync="TRUE">LAST_UPDAT</attalias><attrtype Sync="TRUE">String</attrtype><attwidth Sync="TRUE">8</attwidth><atprecis Sync="TRUE">0</atprecis><attscale Sync="TRUE">0</attscale></attr><attr><attrlabl Sync="TRUE">LAST_UPD_1</attrlabl><attalias Sync="TRUE">LAST_UPD_1</attalias><attrtype Sync="TRUE">Date</attrtype><attwidth Sync="TRUE">8</attwidth><atprecis Sync="TRUE">0</atprecis><attscale Sync="TRUE">0</attscale></attr><attr><attrlabl Sync="TRUE">EXCHANGE_P</attrlabl><attalias Sync="TRUE">EXCHANGE_P</attalias><attrtype Sync="TRUE">Integer</attrtype><attwidth Sync="TRUE">5</attwidth><atprecis Sync="TRUE">5</atprecis><attscale Sync="TRUE">0</attscale></attr><attr><attrlabl Sync="TRUE">WATER</attrlabl><attalias Sync="TRUE">WATER</attalias><attrtype Sync="TRUE">Integer</attrtype><attwidth Sync="TRUE">5</attwidth><atprecis Sync="TRUE">5</atprecis><attscale Sync="TRUE">0</attscale></attr><attr><attrlabl Sync="TRUE">GEO_FLAG</attrlabl><attalias Sync="TRUE">GEO_FLAG</attalias><attrtype Sync="TRUE">String</attrtype><attwidth Sync="TRUE">1</attwidth><atprecis Sync="TRUE">0</atprecis><attscale Sync="TRUE">0</attscale></attr><attr><attrlabl Sync="TRUE">APPRAISED_</attrlabl><attalias Sync="TRUE">APPRAISED_</attalias><attrtype Sync="TRUE">Double</attrtype><attwidth Sync="TRUE">19</attwidth><atprecis Sync="TRUE">0</atprecis><attscale Sync="TRUE">0</attscale></attr><attr><attrlabl Sync="TRUE">TRANS_ID</attrlabl><attalias Sync="TRUE">TRANS_ID</attalias><attrtype Sync="TRUE">String</attrtype><attwidth Sync="TRUE">5</attwidth><atprecis Sync="TRUE">0</atprecis><attscale Sync="TRUE">0</attscale></attr><attr><attrlabl Sync="TRUE">SHAPE</attrlabl><attalias Sync="TRUE">Shape</attalias><attrtype Sync="TRUE">Geometry</attrtype><attwidth Sync="TRUE">0</attwidth><atprecis Sync="TRUE">0</atprecis><attscale Sync="TRUE">0</attscale><attrdef Sync="TRUE">Feature geometry.</attrdef><attrdefs Sync="TRUE">Esri</attrdefs><attrdomv><udom Sync="TRUE">Coordinates defining the features.</udom></attrdomv></attr><attr><attrlabl Sync="TRUE">FOREST_MAN</attrlabl><attalias Sync="TRUE">FOREST_MAN</attalias><attrtype Sync="TRUE">String</attrtype><attwidth Sync="TRUE">50</attwidth><atprecis Sync="TRUE">0</atprecis><attscale Sync="TRUE">0</attscale></attr><attr><attrlabl Sync="TRUE">PROPERTY_N</attrlabl><attalias Sync="TRUE">PROPERTY_N</attalias><attrtype Sync="TRUE">String</attrtype><attwidth Sync="TRUE">50</attwidth><atprecis Sync="TRUE">0</atprecis><attscale Sync="TRUE">0</attscale></attr><attr><attrlabl Sync="TRUE">FUND</attrlabl><attalias Sync="TRUE">FUND</attalias><attrtype Sync="TRUE">String</attrtype><attwidth Sync="TRUE">3</attwidth><atprecis Sync="TRUE">0</atprecis><attscale Sync="TRUE">0</attscale></attr><attr><attrlabl Sync="TRUE">COUNTY_NAM</attrlabl><attalias Sync="TRUE">COUNTY_NAM</attalias><attrtype Sync="TRUE">String</attrtype><attwidth Sync="TRUE">40</attwidth><atprecis Sync="TRUE">0</atprecis><attscale Sync="TRUE">0</attscale></attr><attr><attrlabl Sync="TRUE">NATURAL_AR</attrlabl><attalias Sync="TRUE">NATURAL_AR</attalias><attrtype Sync="TRUE">String</attrtype><attwidth Sync="TRUE">1</attwidth><atprecis Sync="TRUE">0</atprecis><attscale Sync="TRUE">0</attscale></attr><attr><attrlabl Sync="TRUE">PARCEL_DES</attrlabl><attalias Sync="TRUE">PARCEL_DES</attalias><attrtype Sync="TRUE">String</attrtype><attwidth Sync="TRUE">27</attwidth><atprecis Sync="TRUE">0</atprecis><attscale Sync="TRUE">0</attscale></attr><attr><attrlabl Sync="TRUE">Shape_Leng</attrlabl><attalias Sync="TRUE">Shape_Leng</attalias><attrtype Sync="TRUE">Double</attrtype><attwidth Sync="TRUE">19</attwidth><atprecis Sync="TRUE">0</atprecis><attscale Sync="TRUE">0</attscale></attr><attr><attrlabl Sync="TRUE">Shape_Area</attrlabl><attalias Sync="TRUE">Shape_Area</attalias><attrtype Sync="TRUE">Double</attrtype><attwidth Sync="TRUE">19</attwidth><atprecis Sync="TRUE">0</atprecis><attscale Sync="TRUE">0</attscale><attrdef Sync="TRUE">Area of feature in internal units squared.</attrdef><attrdefs Sync="TRUE">Esri</attrdefs><attrdomv><udom Sync="TRUE">Positive real numbers that are automatically generated.</udom></attrdomv></attr></detailed></eainfo><mdLang><languageCode value="eng"/><countryCode value="USA" Sync="TRUE"/></mdLang><mdChar><CharSetCd value="004"/></mdChar><mdHrLv><ScopeCd value="005"/></mdHrLv><mdStanName>ArcGIS Metadata</mdStanName><mdStanVer>1.0</mdStanVer><dataIdInfo><envirDesc Sync="TRUE"> Version 6.2 (Build 9200) ; Esri ArcGIS 10.8.1.14362</envirDesc><dataLang><languageCode value="eng" Sync="TRUE"/><countryCode value="USA" Sync="TRUE"/></dataLang><idCitation xmlns=""><resTitle Sync="TRUE">BCPLProperty</resTitle><presForm xmlns=""><PresFormCd value="005" Sync="TRUE"/></presForm><date><pubDate>2017-08-28T00:00:00</pubDate><reviseDate>2017-08-28T00:00:00</reviseDate></date><citRespParty xmlns=""><editorSource>external</editorSource><editorDigest>6546210411e5561a8666c3fa6a3fa1d2</editorDigest><rpIndName>Mike Krueger</rpIndName><rpOrgName>WI Board of Commissioners of Public Lands</rpOrgName><rpPosName>IT Manager</rpPosName><rpCntInfo xmlns=""><cntAddress addressType="postal"><delPoint>101 East Wilson 2nd Floor</delPoint><city>Madison</city><adminArea>WI</adminArea><postCode>53703</postCode><eMailAdd>mike.krueger@wi.gov</eMailAdd><country>US</country></cntAddress><cntPhone><voiceNum tddtty="">608 261 8842</voiceNum><faxNum>608 267 2787</faxNum></cntPhone><cntHours>Mon-Thur 6:00 am to 3:30 pm, Fri 6:00 am to 10:00 am  (CST)</cntHours></rpCntInfo><editorSave>True</editorSave><displayName>Mike Krueger</displayName><role><RoleCd value="006"/></role></citRespParty><citRespParty xmlns=""><editorSource>external</editorSource><editorDigest>6546210411e5561a8666c3fa6a3fa1d2</editorDigest><rpIndName>Mike Krueger</rpIndName><rpOrgName>WI Board of Commissioners of Public Lands</rpOrgName><rpPosName>IT Manager</rpPosName><rpCntInfo xmlns=""><cntAddress addressType="postal"><delPoint>101 East Wilson 2nd Floor</delPoint><city>Madison</city><adminArea>WI</adminArea><postCode>53703</postCode><eMailAdd>mike.krueger@wi.gov</eMailAdd><country>US</country></cntAddress><cntPhone><voiceNum tddtty="">608 261 8842</voiceNum><faxNum>608 267 2787</faxNum></cntPhone><cntHours>Mon-Thur 6:00 am to 3:30 pm, Fri 6:00 am to 10:00 am  (CST)</cntHours></rpCntInfo><displayName>Mike Krueger</displayName><editorSave>True</editorSave><displayName>Mike Krueger</displayName><role><RoleCd value="002"/></role></citRespParty></idCitation><spatRpType><SpatRepTypCd value="001" Sync="TRUE"/></spatRpType><dataExt xmlns=""><geoEle xmlns=""><GeoBndBox esriExtentType="search"><exTypeCode Sync="TRUE">1</exTypeCode><westBL Sync="TRUE">-92.823563</westBL><eastBL Sync="TRUE">-87.139962</eastBL><northBL Sync="TRUE">46.683716</northBL><southBL Sync="TRUE">42.574977</southBL></GeoBndBox></geoEle><tempEle><TempExtent><exTemp><TM_Period xmlns=""><tmBegin>2007-08-01T00:00:00</tmBegin><tmEnd>2017-08-28T00:00:00</tmEnd></TM_Period></exTemp></TempExtent></tempEle><exDesc>Data was/is valid only on the particular date noted as changes occur due to transactions on a regular basis.</exDesc></dataExt><idPurp>The BCPL parcels layer references land parcels owned and managed by the agency to generate revenue for the various trust funds it administers. The layer aids BCPL staff in defining land managment and real estate activities and facilitates the meeting of the agency's mission and goals. It is appropriate to use this data for general information purposes only.</idPurp><idAbs>&lt;DIV STYLE="text-align:Left;"&gt;&lt;DIV&gt;&lt;DIV&gt;&lt;P&gt;&lt;SPAN&gt;The Wisconsin Board of Commissioners of Public Lands (BCPL), as the oldest state agency, has been managing forest lands since the States inception. As part of that management it has built and maintained a database of it's current holdings, approximately 75,000 acres, throughout the State. This dataset uses a scale factor of .999600, with a resolution of 1 meter. It uses a WTM83/91 projected coordinate system.&lt;/SPAN&gt;&lt;/P&gt;&lt;/DIV&gt;&lt;/DIV&gt;&lt;/DIV&gt;</idAbs><searchKeys><keyword>parcel</keyword><keyword>trust</keyword><keyword>fund</keyword></searchKeys><resConst><Consts xmlns=""><useLimit>&lt;DIV STYLE="text-align:Left;"&gt;&lt;DIV&gt;&lt;DIV&gt;&lt;P&gt;&lt;SPAN&gt;Since ongoing surveys continually add new information, shapes older than one year are considered outdated. Products created using this layer should always include the date it was generated. (Refer to publication information section of this document.) This dataset is intended as a reference only, and is not intended to be used to define legal boundries.&lt;/SPAN&gt;&lt;/P&gt;&lt;/DIV&gt;&lt;/DIV&gt;&lt;/DIV&gt;</useLimit></Consts></resConst><dataChar><CharSetCd value="004"/></dataChar><idStatus><ProgCd value="004"/></idStatus><idPoC xmlns=""><editorSource>external</editorSource><editorDigest>6546210411e5561a8666c3fa6a3fa1d2</editorDigest><rpIndName>Mike Krueger</rpIndName><rpOrgName>WI Board of Commissioners of Public Lands</rpOrgName><rpPosName>IT Manager</rpPosName><rpCntInfo xmlns=""><cntAddress addressType="postal"><delPoint>101 East Wilson 2nd Floor</delPoint><city>Madison</city><adminArea>WI</adminArea><postCode>53703</postCode><eMailAdd>mike.krueger@wi.gov</eMailAdd><country>US</country></cntAddress><cntPhone><voiceNum tddtty="">608 261 8842</voiceNum><faxNum>608 267 2787</faxNum></cntPhone><cntHours>Mon-Thur 6:00 am to 3:30 pm, Fri 6:00 am to 10:00 am  (CST)</cntHours></rpCntInfo><editorSave>True</editorSave><displayName>Mike Krueger</displayName><role><RoleCd value="002"></RoleCd></role></idPoC><resMaint xmlns=""><maintFreq><MaintFreqCd value="009"></MaintFreqCd></maintFreq><usrDefFreq><duration>Updated whenever property is bought, sold, exchanged or gifted.</duration></usrDefFreq><maintCont xmlns=""><editorSource>external</editorSource><editorDigest>6546210411e5561a8666c3fa6a3fa1d2</editorDigest><rpIndName>Mike Krueger</rpIndName><rpOrgName>WI Board of Commissioners of Public Lands</rpOrgName><rpPosName>IT Manager</rpPosName><rpCntInfo xmlns=""><cntAddress addressType="postal"><delPoint>101 East Wilson 2nd Floor</delPoint><city>Madison</city><adminArea>WI</adminArea><postCode>53703</postCode><eMailAdd>mike.krueger@wi.gov</eMailAdd><country>US</country></cntAddress><cntPhone><voiceNum tddtty="">608 261 8842</voiceNum><faxNum>608 267 2787</faxNum></cntPhone><cntHours>Mon-Thur 6:00 am to 3:30 pm, Fri 6:00 am to 10:00 am  (CST)</cntHours></rpCntInfo><editorSave>True</editorSave><displayName>Mike Krueger</displayName><role><RoleCd value="002"></RoleCd></role></maintCont></resMaint></dataIdInfo><distInfo xmlns=""><distFormat xmlns=""><formatName Sync="TRUE">Shapefile</formatName></distFormat><distTranOps><transSize Sync="TRUE">0.000</transSize></distTranOps></distInfo><mdHrLvName Sync="TRUE">dataset</mdHrLvName><refSysInfo><RefSystem><refSysID><identCode code="0" Sync="TRUE"/></refSysID></RefSystem></refSysInfo><spatRepInfo><VectSpatRep><geometObjs Name="BCPLProperty"><geoObjTyp><GeoObjTypCd value="002" Sync="TRUE"></GeoObjTypCd></geoObjTyp><geoObjCnt Sync="TRUE">0</geoObjCnt></geometObjs><topLvl><TopoLevCd value="001" Sync="TRUE"></TopoLevCd></topLvl></VectSpatRep></spatRepInfo><spdoinfo><ptvctinf><esriterm Name="BCPLProperty"><efeatyp Sync="TRUE">Simple</efeatyp><efeageom code="4" Sync="TRUE"></efeageom><esritopo Sync="TRUE">FALSE</esritopo><efeacnt Sync="TRUE">0</efeacnt><spindex Sync="TRUE">FALSE</spindex><linrefer Sync="TRUE">FALSE</linrefer></esriterm></ptvctinf></spdoinfo><mdDateSt Sync="TRUE">20230330</mdDateSt><mdContact xmlns=""><editorSource>external</editorSource><editorDigest>6546210411e5561a8666c3fa6a3fa1d2</editorDigest><rpIndName>Mike Krueger</rpIndName><rpOrgName>WI Board of Commissioners of Public Lands</rpOrgName><rpPosName>IT Manager</rpPosName><rpCntInfo xmlns=""><cntAddress addressType="postal"><delPoint>101 East Wilson 2nd Floor</delPoint><city>Madison</city><adminArea>WI</adminArea><postCode>53703</postCode><eMailAdd>mike.krueger@wi.gov</eMailAdd><country>US</country></cntAddress><cntPhone><voiceNum tddtty="">608 261 8842</voiceNum><faxNum>608 267 2787</faxNum></cntPhone><cntHours>Mon-Thur 6:00 am to 3:30 pm, Fri 6:00 am to 10:00 am  (CST)</cntHours></rpCntInfo><editorSave>True</editorSave><displayName>Mike Krueger</displayName><role><RoleCd value="002"/></role></mdContact><mdMaint xmlns=""><maintFreq><MaintFreqCd value="009"/></maintFreq><maintCont xmlns=""><editorSource>external</editorSource><editorDigest>6546210411e5561a8666c3fa6a3fa1d2</editorDigest><rpIndName>Mike Krueger</rpIndName><rpOrgName>WI Board of Commissioners of Public Lands</rpOrgName><rpPosName>IT Manager</rpPosName><rpCntInfo xmlns=""><cntAddress addressType="postal"><delPoint>101 East Wilson 2nd Floor</delPoint><city>Madison</city><adminArea>WI</adminArea><postCode>53703</postCode><eMailAdd>mike.krueger@wi.gov</eMailAdd><country>US</country></cntAddress><cntPhone><voiceNum tddtty="">608 261 8842</voiceNum><faxNum>608 267 2787</faxNum></cntPhone><cntHours>Mon-Thur 6:00 am to 3:30 pm, Fri 6:00 am to 10:00 am  (CST)</cntHours></rpCntInfo><editorSave>True</editorSave><displayName>Mike Krueger</displayName><role><RoleCd value="002"/></role></maintCont></mdMaint></metadata>
