<metadata xml:lang="en">
	<Esri>
		<CreaDate>20230412</CreaDate>
		<CreaTime>05045100</CreaTime>
		<ArcGISFormat>1.0</ArcGISFormat>
		<SyncOnce>FALSE</SyncOnce>
		<DataProperties>
			<lineage>
				<Process ToolSource="c:\program files (x86)\arcgis\desktop10.8\ArcToolbox\Toolboxes\Conversion Tools.tbx\FeatureClassToFeatureClass" Date="20230412" Time="050451">FeatureClassToFeatureClass SUs_lyr D:/SQLgisLRS/proc_FCs_prodmart/ownedInterests.gdb surfaceIns # "SU_ID "SU_ID" true true false 8 Double 0 0 ,First,#,D:\SQLgisLRS\proc_FCs_prodmart\prepSUsTabs.gdb\SUs,SUs.SU_ID,-1,-1;SU_SUID "SU_SUID" true true false 10 Text 0 0 ,First,#,D:\SQLgisLRS\proc_FCs_prodmart\prepSUsTabs.gdb\SUs,SUs.SU_SUID,-1,-1;SU_SUIDNUM "SU_SUIDNUM" true true false 8 Double 0 0 ,First,#,D:\SQLgisLRS\proc_FCs_prodmart\prepSUsTabs.gdb\SUs,SUs.SU_SUIDNUM,-1,-1;DNRREGION "DNRREGION" true true false 15 Text 0 0 ,First,#,D:\SQLgisLRS\proc_FCs_prodmart\prepSUsTabs.gdb\SUs,SUs.DNRREGION,-1,-1;COUNTYNAME "COUNTYNAME" true true false 20 Text 0 0 ,First,#,D:\SQLgisLRS\proc_FCs_prodmart\prepSUsTabs.gdb\SUs,SUs.COUNTYNAME,-1,-1;COUN "COUN" true true false 2 Short 0 0 ,First,#,D:\SQLgisLRS\proc_FCs_prodmart\prepSUsTabs.gdb\SUs,SUs.COUN,-1,-1;TOWN "TOWN" true true false 2 Short 0 0 ,First,#,D:\SQLgisLRS\proc_FCs_prodmart\prepSUsTabs.gdb\SUs,SUs.TOWN,-1,-1;RDIR "RDIR" true true false 2 Short 0 0 ,First,#,D:\SQLgisLRS\proc_FCs_prodmart\prepSUsTabs.gdb\SUs,SUs.RDIR,-1,-1;RANG "RANG" true true false 2 Short 0 0 ,First,#,D:\SQLgisLRS\proc_FCs_prodmart\prepSUsTabs.gdb\SUs,SUs.RANG,-1,-1;SECT "SECT" true true false 2 Short 0 0 ,First,#,D:\SQLgisLRS\proc_FCs_prodmart\prepSUsTabs.gdb\SUs,SUs.SECT,-1,-1;FORT "FORT" true true false 2 Short 0 0 ,First,#,D:\SQLgisLRS\proc_FCs_prodmart\prepSUsTabs.gdb\SUs,SUs.FORT,-1,-1;GLOT "GLOT" true true false 2 Short 0 0 ,First,#,D:\SQLgisLRS\proc_FCs_prodmart\prepSUsTabs.gdb\SUs,SUs.GLOT,-1,-1;GM_CH "GM_CH" true true false 15 Text 0 0 ,First,#,D:\SQLgisLRS\proc_FCs_prodmart\prepSUsTabs.gdb\SUs,SUs.GM_CH,-1,-1;GS_CH "GS_CH" true true false 10 Text 0 0 ,First,#,D:\SQLgisLRS\proc_FCs_prodmart\prepSUsTabs.gdb\SUs,SUs.GS_CH,-1,-1;FORTDESC "FORTDESC" true true false 55 Text 0 0 ,First,#,D:\SQLgisLRS\proc_FCs_prodmart\prepSUsTabs.gdb\SUs,SUs.FORTDESC,-1,-1;PLSMATCH "PLSMATCH" true true false 20 Text 0 0 ,First,#,D:\SQLgisLRS\proc_FCs_prodmart\prepSUsTabs.gdb\SUs,SUs.PLSMATCH,-1,-1;SU_ACRES "SU_ACRES" true true false 8 Double 0 0 ,First,#,D:\SQLgisLRS\proc_FCs_prodmart\prepSUsTabs.gdb\SUs,INStab.SU_ACRES,-1,-1;SU_PCTFORTY "SU_PCTFORTY" true true false 4 Long 0 0 ,First,#,D:\SQLgisLRS\proc_FCs_prodmart\prepSUsTabs.gdb\SUs,INStab.SU_PCTFORTY,-1,-1;UINT_NUMERATOR "UINT_NUMERATOR" true true false 4 Long 0 0 ,First,#,D:\SQLgisLRS\proc_FCs_prodmart\prepSUsTabs.gdb\SUs,INStab.UINT_NUMERATOR,-1,-1;UINT_DENOMINATOR "UINT_DENOMINATOR" true true false 4 Long 0 0 ,First,#,D:\SQLgisLRS\proc_FCs_prodmart\prepSUsTabs.gdb\SUs,INStab.UINT_DENOMINATOR,-1,-1;INT_TYPE "INT_TYPE" true true false 15 Text 0 0 ,First,#,D:\SQLgisLRS\proc_FCs_prodmart\prepSUsTabs.gdb\SUs,INStab.INT_TYPE,-1,-1;INT_STATUS "INT_STATUS" true true false 15 Text 0 0 ,First,#,D:\SQLgisLRS\proc_FCs_prodmart\prepSUsTabs.gdb\SUs,INStab.INT_STATUS,-1,-1;LANDTYPE "LANDTYPE" true true false 25 Text 0 0 ,First,#,D:\SQLgisLRS\proc_FCs_prodmart\prepSUsTabs.gdb\SUs,INStab.LANDTYPE,-1,-1;MEANSACQ "MEANSACQ" true true false 50 Text 0 0 ,First,#,D:\SQLgisLRS\proc_FCs_prodmart\prepSUsTabs.gdb\SUs,INStab.MEANSACQ,-1,-1;LANDTYPECODE "LANDTYPECODE" true true false 1 Text 0 0 ,First,#,D:\SQLgisLRS\proc_FCs_prodmart\prepSUsTabs.gdb\SUs,INStab.LANDTYPECODE,-1,-1;MEANSACQCODE "MEANSACQCODE" true true false 1 Text 0 0 ,First,#,D:\SQLgisLRS\proc_FCs_prodmart\prepSUsTabs.gdb\SUs,INStab.MEANSACQCODE,-1,-1;ADMINISTRATOR "ADMINISTRATOR" true true false 30 Text 0 0 ,First,#,D:\SQLgisLRS\proc_FCs_prodmart\prepSUsTabs.gdb\SUs,INStab.ADMINISTRATOR,-1,-1;ADMINISTRATORCODE "ADMINISTRATORCODE" true true false 2 Short 0 0 ,First,#,D:\SQLgisLRS\proc_FCs_prodmart\prepSUsTabs.gdb\SUs,INStab.ADMINISTRATORCODE,-1,-1;MGTPRGPRJ "MGTPRGPRJ" true true false 10 Text 0 0 ,First,#,D:\SQLgisLRS\proc_FCs_prodmart\prepSUsTabs.gdb\SUs,INStab.MGTPRGPRJ,-1,-1;MGTPRJNAME "MGTPRJNAME" true true false 60 Text 0 0 ,First,#,D:\SQLgisLRS\proc_FCs_prodmart\prepSUsTabs.gdb\SUs,INStab.MGTPRJNAME,-1,-1;MGTPRGCODE "MGTPRGCODE" true true false 3 Text 0 0 ,First,#,D:\SQLgisLRS\proc_FCs_prodmart\prepSUsTabs.gdb\SUs,INStab.MGTPRGCODE,-1,-1;MGTPRGNAME "MGTPRGNAME" true true false 25 Text 0 0 ,First,#,D:\SQLgisLRS\proc_FCs_prodmart\prepSUsTabs.gdb\SUs,INStab.MGTPRGNAME,-1,-1;ADMPRGPRJADDL "ADMPRGPRJADDL" true true false 100 Text 0 0 ,First,#,D:\SQLgisLRS\proc_FCs_prodmart\prepSUsTabs.gdb\SUs,INStab.ADMPRGPRJADDL,-1,-1;DNRTRNXNUM "DNRTRNXNUM" true true false 10 Text 0 0 ,First,#,D:\SQLgisLRS\proc_FCs_prodmart\prepSUsTabs.gdb\SUs,INStab.DNRTRNXNUM,-1,-1;T_ID "T_ID" true true false 8 Double 0 0 ,First,#,D:\SQLgisLRS\proc_FCs_prodmart\prepSUsTabs.gdb\SUs,INStab.T_ID,-1,-1;T_CLOSINGDATE "T_CLOSINGDATE" true true false 10 Text 0 0 ,First,#,D:\SQLgisLRS\proc_FCs_prodmart\prepSUsTabs.gdb\SUs,INStab.T_CLOSINGDATE_CH,-1,-1;SU_CTYPIN_MISC "SU_CTYPIN_MISC" true true false 50 Text 0 0 ,First,#,D:\SQLgisLRS\proc_FCs_prodmart\prepSUsTabs.gdb\SUs,INStab.SU_CTYPIN_MISC,-1,-1;DATA_DOWNLOADDATE "DATA_DOWNLOADDATE" true true false 10 Text 0 0 ,First,#,D:\SQLgisLRS\proc_FCs_prodmart\prepSUsTabs.gdb\SUs,INStab.DOWNLOADDATE,-1,-1" #</Process>
				<Process ToolSource="c:\program files (x86)\arcgis\desktop10.8\ArcToolbox\Toolboxes\Data Management Tools.tbx\CopyFeatures" Date="20230412" Time="051730">CopyFeatures SurfaceIns_lyr D:\SQLgisLRS\proc_FCs_prodmart\plan_stateland_dnrcounty.gdb\stateland_admin_dnrforestry # 0 0 0</Process>
				<Process ToolSource="c:\program files (x86)\arcgis\desktop10.8\ArcToolbox\Toolboxes\Data Management Tools.tbx\DeleteField" Date="20230412" Time="051741">DeleteField D:/SQLgisLRS/proc_FCs_prodmart/plan_stateland_dnrcounty.gdb/stateland_admin_dnrforestry T_ID;SU_NETACRES</Process>
				<Process ToolSource="C:\program files\arcgis\server\ArcToolbox\Toolboxes\Conversion Tools.tbx\FeatureClassToFeatureClass" Date="20230414" Time="000211">FeatureClassToFeatureClass /var/ftp/gdrs_temp/update\us_mn_state_dnr\plan_stateland_dnrcounty\fgdb\plan_stateland_dnrcounty.gdb\stateland_admin_dnrforestry /var/ftp/gdrs_temp/update\us_mn_state_dnr\plan_stateland_dnrcounty\shp stateland_admin_dnrforestry.shp # "SU_ID "SU_ID" true true false 8 Double 0 0 ,First,#,/var/ftp/gdrs_temp/update\us_mn_state_dnr\plan_stateland_dnrcounty\fgdb\plan_stateland_dnrcounty.gdb\stateland_admin_dnrforestry,SU_ID,-1,-1;SU_SUID "SU_SUID" true true false 10 Text 0 0 ,First,#,/var/ftp/gdrs_temp/update\us_mn_state_dnr\plan_stateland_dnrcounty\fgdb\plan_stateland_dnrcounty.gdb\stateland_admin_dnrforestry,SU_SUID,-1,-1;SU_SUIDNUM "SU_SUIDNUM" true true false 8 Double 0 0 ,First,#,/var/ftp/gdrs_temp/update\us_mn_state_dnr\plan_stateland_dnrcounty\fgdb\plan_stateland_dnrcounty.gdb\stateland_admin_dnrforestry,SU_SUIDNUM,-1,-1;DNRREGION "DNRREGION" true true false 15 Text 0 0 ,First,#,/var/ftp/gdrs_temp/update\us_mn_state_dnr\plan_stateland_dnrcounty\fgdb\plan_stateland_dnrcounty.gdb\stateland_admin_dnrforestry,DNRREGION,-1,-1;COUNTYNAME "COUNTYNAME" true true false 20 Text 0 0 ,First,#,/var/ftp/gdrs_temp/update\us_mn_state_dnr\plan_stateland_dnrcounty\fgdb\plan_stateland_dnrcounty.gdb\stateland_admin_dnrforestry,COUNTYNAME,-1,-1;COUN "COUN" true true false 2 Short 0 0 ,First,#,/var/ftp/gdrs_temp/update\us_mn_state_dnr\plan_stateland_dnrcounty\fgdb\plan_stateland_dnrcounty.gdb\stateland_admin_dnrforestry,COUN,-1,-1;TOWN "TOWN" true true false 2 Short 0 0 ,First,#,/var/ftp/gdrs_temp/update\us_mn_state_dnr\plan_stateland_dnrcounty\fgdb\plan_stateland_dnrcounty.gdb\stateland_admin_dnrforestry,TOWN,-1,-1;RDIR "RDIR" true true false 2 Short 0 0 ,First,#,/var/ftp/gdrs_temp/update\us_mn_state_dnr\plan_stateland_dnrcounty\fgdb\plan_stateland_dnrcounty.gdb\stateland_admin_dnrforestry,RDIR,-1,-1;RANG "RANG" true true false 2 Short 0 0 ,First,#,/var/ftp/gdrs_temp/update\us_mn_state_dnr\plan_stateland_dnrcounty\fgdb\plan_stateland_dnrcounty.gdb\stateland_admin_dnrforestry,RANG,-1,-1;SECT "SECT" true true false 2 Short 0 0 ,First,#,/var/ftp/gdrs_temp/update\us_mn_state_dnr\plan_stateland_dnrcounty\fgdb\plan_stateland_dnrcounty.gdb\stateland_admin_dnrforestry,SECT,-1,-1;FORT "FORT" true true false 2 Short 0 0 ,First,#,/var/ftp/gdrs_temp/update\us_mn_state_dnr\plan_stateland_dnrcounty\fgdb\plan_stateland_dnrcounty.gdb\stateland_admin_dnrforestry,FORT,-1,-1;GLOT "GLOT" true true false 2 Short 0 0 ,First,#,/var/ftp/gdrs_temp/update\us_mn_state_dnr\plan_stateland_dnrcounty\fgdb\plan_stateland_dnrcounty.gdb\stateland_admin_dnrforestry,GLOT,-1,-1;GM_CH "GM_CH" true true false 15 Text 0 0 ,First,#,/var/ftp/gdrs_temp/update\us_mn_state_dnr\plan_stateland_dnrcounty\fgdb\plan_stateland_dnrcounty.gdb\stateland_admin_dnrforestry,GM_CH,-1,-1;GS_CH "GS_CH" true true false 10 Text 0 0 ,First,#,/var/ftp/gdrs_temp/update\us_mn_state_dnr\plan_stateland_dnrcounty\fgdb\plan_stateland_dnrcounty.gdb\stateland_admin_dnrforestry,GS_CH,-1,-1;FORTDESC "FORTDESC" true true false 55 Text 0 0 ,First,#,/var/ftp/gdrs_temp/update\us_mn_state_dnr\plan_stateland_dnrcounty\fgdb\plan_stateland_dnrcounty.gdb\stateland_admin_dnrforestry,FORTDESC,-1,-1;PLSMATCH "PLSMATCH" true true false 20 Text 0 0 ,First,#,/var/ftp/gdrs_temp/update\us_mn_state_dnr\plan_stateland_dnrcounty\fgdb\plan_stateland_dnrcounty.gdb\stateland_admin_dnrforestry,PLSMATCH,-1,-1;SU_ACRES "SU_ACRES" true true false 8 Double 0 0 ,First,#,/var/ftp/gdrs_temp/update\us_mn_state_dnr\plan_stateland_dnrcounty\fgdb\plan_stateland_dnrcounty.gdb\stateland_admin_dnrforestry,SU_ACRES,-1,-1;SU_PCTFORT "SU_PCTFORTY" true true false 4 Long 0 0 ,First,#,/var/ftp/gdrs_temp/update\us_mn_state_dnr\plan_stateland_dnrcounty\fgdb\plan_stateland_dnrcounty.gdb\stateland_admin_dnrforestry,SU_PCTFORTY,-1,-1;UINT_NUMER "UINT_NUMERATOR" true true false 4 Long 0 0 ,First,#,/var/ftp/gdrs_temp/update\us_mn_state_dnr\plan_stateland_dnrcounty\fgdb\plan_stateland_dnrcounty.gdb\stateland_admin_dnrforestry,UINT_NUMERATOR,-1,-1;UINT_DENOM "UINT_DENOMINATOR" true true false 4 Long 0 0 ,First,#,/var/ftp/gdrs_temp/update\us_mn_state_dnr\plan_stateland_dnrcounty\fgdb\plan_stateland_dnrcounty.gdb\stateland_admin_dnrforestry,UINT_DENOMINATOR,-1,-1;INT_TYPE "INT_TYPE" true true false 15 Text 0 0 ,First,#,/var/ftp/gdrs_temp/update\us_mn_state_dnr\plan_stateland_dnrcounty\fgdb\plan_stateland_dnrcounty.gdb\stateland_admin_dnrforestry,INT_TYPE,-1,-1;INT_STATUS "INT_STATUS" true true false 15 Text 0 0 ,First,#,/var/ftp/gdrs_temp/update\us_mn_state_dnr\plan_stateland_dnrcounty\fgdb\plan_stateland_dnrcounty.gdb\stateland_admin_dnrforestry,INT_STATUS,-1,-1;LANDTYPE "LANDTYPE" true true false 25 Text 0 0 ,First,#,/var/ftp/gdrs_temp/update\us_mn_state_dnr\plan_stateland_dnrcounty\fgdb\plan_stateland_dnrcounty.gdb\stateland_admin_dnrforestry,LANDTYPE,-1,-1;MEANSACQ "MEANSACQ" true true false 50 Text 0 0 ,First,#,/var/ftp/gdrs_temp/update\us_mn_state_dnr\plan_stateland_dnrcounty\fgdb\plan_stateland_dnrcounty.gdb\stateland_admin_dnrforestry,MEANSACQ,-1,-1;LANDTYPECO "LANDTYPECODE" true true false 1 Text 0 0 ,First,#,/var/ftp/gdrs_temp/update\us_mn_state_dnr\plan_stateland_dnrcounty\fgdb\plan_stateland_dnrcounty.gdb\stateland_admin_dnrforestry,LANDTYPECODE,-1,-1;MEANSACQCO "MEANSACQCODE" true true false 1 Text 0 0 ,First,#,/var/ftp/gdrs_temp/update\us_mn_state_dnr\plan_stateland_dnrcounty\fgdb\plan_stateland_dnrcounty.gdb\stateland_admin_dnrforestry,MEANSACQCODE,-1,-1;ADMINISTRA "ADMINISTRATOR" true true false 30 Text 0 0 ,First,#,/var/ftp/gdrs_temp/update\us_mn_state_dnr\plan_stateland_dnrcounty\fgdb\plan_stateland_dnrcounty.gdb\stateland_admin_dnrforestry,ADMINISTRATOR,-1,-1;ADMINIST_1 "ADMINISTRATORCODE" true true false 2 Short 0 0 ,First,#,/var/ftp/gdrs_temp/update\us_mn_state_dnr\plan_stateland_dnrcounty\fgdb\plan_stateland_dnrcounty.gdb\stateland_admin_dnrforestry,ADMINISTRATORCODE,-1,-1;MGTPRGPRJ "MGTPRGPRJ" true true false 10 Text 0 0 ,First,#,/var/ftp/gdrs_temp/update\us_mn_state_dnr\plan_stateland_dnrcounty\fgdb\plan_stateland_dnrcounty.gdb\stateland_admin_dnrforestry,MGTPRGPRJ,-1,-1;MGTPRJNAME "MGTPRJNAME" true true false 60 Text 0 0 ,First,#,/var/ftp/gdrs_temp/update\us_mn_state_dnr\plan_stateland_dnrcounty\fgdb\plan_stateland_dnrcounty.gdb\stateland_admin_dnrforestry,MGTPRJNAME,-1,-1;MGTPRGCODE "MGTPRGCODE" true true false 3 Text 0 0 ,First,#,/var/ftp/gdrs_temp/update\us_mn_state_dnr\plan_stateland_dnrcounty\fgdb\plan_stateland_dnrcounty.gdb\stateland_admin_dnrforestry,MGTPRGCODE,-1,-1;MGTPRGNAME "MGTPRGNAME" true true false 25 Text 0 0 ,First,#,/var/ftp/gdrs_temp/update\us_mn_state_dnr\plan_stateland_dnrcounty\fgdb\plan_stateland_dnrcounty.gdb\stateland_admin_dnrforestry,MGTPRGNAME,-1,-1;ADMPRGPRJA "ADMPRGPRJADDL" true true false 100 Text 0 0 ,First,#,/var/ftp/gdrs_temp/update\us_mn_state_dnr\plan_stateland_dnrcounty\fgdb\plan_stateland_dnrcounty.gdb\stateland_admin_dnrforestry,ADMPRGPRJADDL,-1,-1;DNRTRNXNUM "DNRTRNXNUM" true true false 10 Text 0 0 ,First,#,/var/ftp/gdrs_temp/update\us_mn_state_dnr\plan_stateland_dnrcounty\fgdb\plan_stateland_dnrcounty.gdb\stateland_admin_dnrforestry,DNRTRNXNUM,-1,-1;T_CLOSINGD "T_CLOSINGDATE" true true false 10 Text 0 0 ,First,#,/var/ftp/gdrs_temp/update\us_mn_state_dnr\plan_stateland_dnrcounty\fgdb\plan_stateland_dnrcounty.gdb\stateland_admin_dnrforestry,T_CLOSINGDATE,-1,-1;SU_CTYPIN_ "SU_CTYPIN_MISC" true true false 50 Text 0 0 ,First,#,/var/ftp/gdrs_temp/update\us_mn_state_dnr\plan_stateland_dnrcounty\fgdb\plan_stateland_dnrcounty.gdb\stateland_admin_dnrforestry,SU_CTYPIN_MISC,-1,-1;DATA_DOWNL "DATA_DOWNLOADDATE" true true false 10 Text 0 0 ,First,#,/var/ftp/gdrs_temp/update\us_mn_state_dnr\plan_stateland_dnrcounty\fgdb\plan_stateland_dnrcounty.gdb\stateland_admin_dnrforestry,DATA_DOWNLOADDATE,-1,-1;Shape_Leng "Shape_Leng" false true true 8 Double 0 0 ,First,#,/var/ftp/gdrs_temp/update\us_mn_state_dnr\plan_stateland_dnrcounty\fgdb\plan_stateland_dnrcounty.gdb\stateland_admin_dnrforestry,Shape_Length,-1,-1;Shape_Area "Shape_Area" false true true 8 Double 0 0 ,First,#,/var/ftp/gdrs_temp/update\us_mn_state_dnr\plan_stateland_dnrcounty\fgdb\plan_stateland_dnrcounty.gdb\stateland_admin_dnrforestry,Shape_Area,-1,-1" #</Process>
			</lineage>
			<itemProps>
				<itemName Sync="TRUE">stateland_admin_dnrforestry</itemName>
				<imsContentType Sync="TRUE">002</imsContentType>
				<itemLocation>
					<linkage Sync="TRUE">file://\\g46palgdrftp001\Z\var\ftp\gdrs_temp\update\us_mn_state_dnr\plan_stateland_dnrcounty\shp\stateland_admin_dnrforestry.shp</linkage>
					<protocol Sync="TRUE">Local Area Network</protocol>
				</itemLocation>
				<itemSize Sync="TRUE">0.000</itemSize>
			</itemProps>
			<coordRef>
				<type Sync="TRUE">Projected</type>
				<geogcsn Sync="TRUE">GCS_North_American_1983</geogcsn>
				<csUnits Sync="TRUE">Linear Unit: Meter (1.000000)</csUnits>
				<projcsn Sync="TRUE">NAD_1983_UTM_Zone_15N</projcsn>
				<peXml Sync="TRUE">&lt;ProjectedCoordinateSystem xsi:type='typens:ProjectedCoordinateSystem' xmlns:xsi='http://www.w3.org/2001/XMLSchema-instance' xmlns:xs='http://www.w3.org/2001/XMLSchema' xmlns:typens='http://www.esri.com/schemas/ArcGIS/10.4'&gt;&lt;WKT&gt;PROJCS[&amp;quot;NAD_1983_UTM_Zone_15N&amp;quot;,GEOGCS[&amp;quot;GCS_North_American_1983&amp;quot;,DATUM[&amp;quot;D_North_American_1983&amp;quot;,SPHEROID[&amp;quot;GRS_1980&amp;quot;,6378137.0,298.257222101]],PRIMEM[&amp;quot;Greenwich&amp;quot;,0.0],UNIT[&amp;quot;Degree&amp;quot;,0.0174532925199433]],PROJECTION[&amp;quot;Transverse_Mercator&amp;quot;],PARAMETER[&amp;quot;False_Easting&amp;quot;,500000.0],PARAMETER[&amp;quot;False_Northing&amp;quot;,0.0],PARAMETER[&amp;quot;Central_Meridian&amp;quot;,-93.0],PARAMETER[&amp;quot;Scale_Factor&amp;quot;,0.9996],PARAMETER[&amp;quot;Latitude_Of_Origin&amp;quot;,0.0],UNIT[&amp;quot;Meter&amp;quot;,1.0],AUTHORITY[&amp;quot;EPSG&amp;quot;,26915]]&lt;/WKT&gt;&lt;XOrigin&gt;-5120900&lt;/XOrigin&gt;&lt;YOrigin&gt;-9998100&lt;/YOrigin&gt;&lt;XYScale&gt;450445547.3910538&lt;/XYScale&gt;&lt;ZOrigin&gt;-100000&lt;/ZOrigin&gt;&lt;ZScale&gt;10000&lt;/ZScale&gt;&lt;MOrigin&gt;-100000&lt;/MOrigin&gt;&lt;MScale&gt;10000&lt;/MScale&gt;&lt;XYTolerance&gt;0.001&lt;/XYTolerance&gt;&lt;ZTolerance&gt;0.001&lt;/ZTolerance&gt;&lt;MTolerance&gt;0.001&lt;/MTolerance&gt;&lt;HighPrecision&gt;true&lt;/HighPrecision&gt;&lt;WKID&gt;26915&lt;/WKID&gt;&lt;LatestWKID&gt;26915&lt;/LatestWKID&gt;&lt;/ProjectedCoordinateSystem&gt;</peXml>
			</coordRef>
		</DataProperties>
		<SyncDate>20230414</SyncDate>
		<SyncTime>00014800</SyncTime>
		<ModDate>20230414</ModDate>
		<ModTime>00014800</ModTime>
	</Esri>
	<dataIdInfo>
		<envirDesc Sync="TRUE">Microsoft Windows XP Professional x64 Edition Version 5.2 (Build 3790) Service Pack 2; Esri ArcGIS 10.4.1.5686</envirDesc>
		<dataLang>
			<languageCode value="en" Sync="TRUE"/>
			<countryCode value="US" Sync="TRUE"/>
		</dataLang>
		<idCitation>
			<resTitle Sync="TRUE">stateland_admin_dnrforestry</resTitle>
			<presForm>
				<PresFormCd value="005" Sync="TRUE"/>
			</presForm>
		</idCitation>
		<spatRpType>
			<SpatRepTypCd value="001" Sync="TRUE"/>
		</spatRpType>
	</dataIdInfo>
	<mdLang>
		<languageCode value="en" Sync="TRUE"/>
		<countryCode value="US" Sync="TRUE"/>
	</mdLang>
	<distInfo>
		<distFormat>
			<formatName Sync="TRUE">Shapefile</formatName>
		</distFormat>
		<distTranOps>
			<transSize Sync="TRUE">0.000</transSize>
		</distTranOps>
	</distInfo>
	<mdHrLv>
		<ScopeCd value="005" Sync="TRUE"/>
	</mdHrLv>
	<mdHrLvName Sync="TRUE">dataset</mdHrLvName>
	<refSysInfo>
		<RefSystem>
			<refSysID>
				<identCode code="26915" Sync="TRUE"/>
				<idCodeSpace Sync="TRUE">EPSG</idCodeSpace>
				<idVersion Sync="TRUE">6.13(3.0.1)</idVersion>
			</refSysID>
		</RefSystem>
	</refSysInfo>
	<spatRepInfo>
		<VectSpatRep>
			<geometObjs Name="stateland_admin_dnrforestry">
				<geoObjTyp>
					<GeoObjTypCd value="002" Sync="TRUE"/>
				</geoObjTyp>
				<geoObjCnt Sync="TRUE">0</geoObjCnt>
			</geometObjs>
			<topLvl>
				<TopoLevCd value="001" Sync="TRUE"/>
			</topLvl>
		</VectSpatRep>
	</spatRepInfo>
	<spdoinfo>
		<ptvctinf>
			<esriterm Name="stateland_admin_dnrforestry">
				<efeatyp Sync="TRUE">Simple</efeatyp>
				<efeageom code="4" Sync="TRUE"/>
				<esritopo Sync="TRUE">FALSE</esritopo>
				<efeacnt Sync="TRUE">0</efeacnt>
				<spindex Sync="TRUE">FALSE</spindex>
				<linrefer Sync="TRUE">FALSE</linrefer>
			</esriterm>
		</ptvctinf>
	</spdoinfo>
	<eainfo>
		<detailed Name="stateland_admin_dnrforestry">
			<enttyp>
				<enttypl Sync="TRUE">stateland_admin_dnrforestry</enttypl>
				<enttypt Sync="TRUE">Feature Class</enttypt>
				<enttypc Sync="TRUE">0</enttypc>
			</enttyp>
			<attr>
				<attrlabl Sync="TRUE">FID</attrlabl>
				<attalias Sync="TRUE">FID</attalias>
				<attrtype Sync="TRUE">OID</attrtype>
				<attwidth Sync="TRUE">4</attwidth>
				<atprecis Sync="TRUE">0</atprecis>
				<attscale Sync="TRUE">0</attscale>
				<attrdef Sync="TRUE">Internal feature number.</attrdef>
				<attrdefs Sync="TRUE">Esri</attrdefs>
				<attrdomv>
					<udom Sync="TRUE">Sequential unique whole numbers that are automatically generated.</udom>
				</attrdomv>
			</attr>
			<attr>
				<attrlabl Sync="TRUE">Shape</attrlabl>
				<attalias Sync="TRUE">Shape</attalias>
				<attrtype Sync="TRUE">Geometry</attrtype>
				<attwidth Sync="TRUE">0</attwidth>
				<atprecis Sync="TRUE">0</atprecis>
				<attscale Sync="TRUE">0</attscale>
				<attrdef Sync="TRUE">Feature geometry.</attrdef>
				<attrdefs Sync="TRUE">Esri</attrdefs>
				<attrdomv>
					<udom Sync="TRUE">Coordinates defining the features.</udom>
				</attrdomv>
			</attr>
			<attr>
				<attrlabl Sync="TRUE">SU_ID</attrlabl>
				<attalias Sync="TRUE">SU_ID</attalias>
				<attrtype Sync="TRUE">Double</attrtype>
				<attwidth Sync="TRUE">19</attwidth>
				<atprecis Sync="TRUE">0</atprecis>
				<attscale Sync="TRUE">0</attscale>
			</attr>
			<attr>
				<attrlabl Sync="TRUE">SU_SUID</attrlabl>
				<attalias Sync="TRUE">SU_SUID</attalias>
				<attrtype Sync="TRUE">String</attrtype>
				<attwidth Sync="TRUE">10</attwidth>
				<atprecis Sync="TRUE">0</atprecis>
				<attscale Sync="TRUE">0</attscale>
			</attr>
			<attr>
				<attrlabl Sync="TRUE">SU_SUIDNUM</attrlabl>
				<attalias Sync="TRUE">SU_SUIDNUM</attalias>
				<attrtype Sync="TRUE">Double</attrtype>
				<attwidth Sync="TRUE">19</attwidth>
				<atprecis Sync="TRUE">0</atprecis>
				<attscale Sync="TRUE">0</attscale>
			</attr>
			<attr>
				<attrlabl Sync="TRUE">DNRREGION</attrlabl>
				<attalias Sync="TRUE">DNRREGION</attalias>
				<attrtype Sync="TRUE">String</attrtype>
				<attwidth Sync="TRUE">15</attwidth>
				<atprecis Sync="TRUE">0</atprecis>
				<attscale Sync="TRUE">0</attscale>
			</attr>
			<attr>
				<attrlabl Sync="TRUE">COUNTYNAME</attrlabl>
				<attalias Sync="TRUE">COUNTYNAME</attalias>
				<attrtype Sync="TRUE">String</attrtype>
				<attwidth Sync="TRUE">20</attwidth>
				<atprecis Sync="TRUE">0</atprecis>
				<attscale Sync="TRUE">0</attscale>
			</attr>
			<attr>
				<attrlabl Sync="TRUE">COUN</attrlabl>
				<attalias Sync="TRUE">COUN</attalias>
				<attrtype Sync="TRUE">Integer</attrtype>
				<attwidth Sync="TRUE">5</attwidth>
				<atprecis Sync="TRUE">5</atprecis>
				<attscale Sync="TRUE">0</attscale>
			</attr>
			<attr>
				<attrlabl Sync="TRUE">TOWN</attrlabl>
				<attalias Sync="TRUE">TOWN</attalias>
				<attrtype Sync="TRUE">Integer</attrtype>
				<attwidth Sync="TRUE">5</attwidth>
				<atprecis Sync="TRUE">5</atprecis>
				<attscale Sync="TRUE">0</attscale>
			</attr>
			<attr>
				<attrlabl Sync="TRUE">RDIR</attrlabl>
				<attalias Sync="TRUE">RDIR</attalias>
				<attrtype Sync="TRUE">Integer</attrtype>
				<attwidth Sync="TRUE">5</attwidth>
				<atprecis Sync="TRUE">5</atprecis>
				<attscale Sync="TRUE">0</attscale>
			</attr>
			<attr>
				<attrlabl Sync="TRUE">RANG</attrlabl>
				<attalias Sync="TRUE">RANG</attalias>
				<attrtype Sync="TRUE">Integer</attrtype>
				<attwidth Sync="TRUE">5</attwidth>
				<atprecis Sync="TRUE">5</atprecis>
				<attscale Sync="TRUE">0</attscale>
			</attr>
			<attr>
				<attrlabl Sync="TRUE">SECT</attrlabl>
				<attalias Sync="TRUE">SECT</attalias>
				<attrtype Sync="TRUE">Integer</attrtype>
				<attwidth Sync="TRUE">5</attwidth>
				<atprecis Sync="TRUE">5</atprecis>
				<attscale Sync="TRUE">0</attscale>
			</attr>
			<attr>
				<attrlabl Sync="TRUE">FORT</attrlabl>
				<attalias Sync="TRUE">FORT</attalias>
				<attrtype Sync="TRUE">Integer</attrtype>
				<attwidth Sync="TRUE">5</attwidth>
				<atprecis Sync="TRUE">5</atprecis>
				<attscale Sync="TRUE">0</attscale>
			</attr>
			<attr>
				<attrlabl Sync="TRUE">GLOT</attrlabl>
				<attalias Sync="TRUE">GLOT</attalias>
				<attrtype Sync="TRUE">Integer</attrtype>
				<attwidth Sync="TRUE">5</attwidth>
				<atprecis Sync="TRUE">5</atprecis>
				<attscale Sync="TRUE">0</attscale>
			</attr>
			<attr>
				<attrlabl Sync="TRUE">GM_CH</attrlabl>
				<attalias Sync="TRUE">GM_CH</attalias>
				<attrtype Sync="TRUE">String</attrtype>
				<attwidth Sync="TRUE">15</attwidth>
				<atprecis Sync="TRUE">0</atprecis>
				<attscale Sync="TRUE">0</attscale>
			</attr>
			<attr>
				<attrlabl Sync="TRUE">GS_CH</attrlabl>
				<attalias Sync="TRUE">GS_CH</attalias>
				<attrtype Sync="TRUE">String</attrtype>
				<attwidth Sync="TRUE">10</attwidth>
				<atprecis Sync="TRUE">0</atprecis>
				<attscale Sync="TRUE">0</attscale>
			</attr>
			<attr>
				<attrlabl Sync="TRUE">FORTDESC</attrlabl>
				<attalias Sync="TRUE">FORTDESC</attalias>
				<attrtype Sync="TRUE">String</attrtype>
				<attwidth Sync="TRUE">55</attwidth>
				<atprecis Sync="TRUE">0</atprecis>
				<attscale Sync="TRUE">0</attscale>
			</attr>
			<attr>
				<attrlabl Sync="TRUE">PLSMATCH</attrlabl>
				<attalias Sync="TRUE">PLSMATCH</attalias>
				<attrtype Sync="TRUE">String</attrtype>
				<attwidth Sync="TRUE">20</attwidth>
				<atprecis Sync="TRUE">0</atprecis>
				<attscale Sync="TRUE">0</attscale>
			</attr>
			<attr>
				<attrlabl Sync="TRUE">SU_ACRES</attrlabl>
				<attalias Sync="TRUE">SU_ACRES</attalias>
				<attrtype Sync="TRUE">Double</attrtype>
				<attwidth Sync="TRUE">19</attwidth>
				<atprecis Sync="TRUE">0</atprecis>
				<attscale Sync="TRUE">0</attscale>
			</attr>
			<attr>
				<attrlabl Sync="TRUE">SU_PCTFORT</attrlabl>
				<attalias Sync="TRUE">SU_PCTFORT</attalias>
				<attrtype Sync="TRUE">Integer</attrtype>
				<attwidth Sync="TRUE">10</attwidth>
				<atprecis Sync="TRUE">10</atprecis>
				<attscale Sync="TRUE">0</attscale>
			</attr>
			<attr>
				<attrlabl Sync="TRUE">UINT_NUMER</attrlabl>
				<attalias Sync="TRUE">UINT_NUMER</attalias>
				<attrtype Sync="TRUE">Integer</attrtype>
				<attwidth Sync="TRUE">10</attwidth>
				<atprecis Sync="TRUE">10</atprecis>
				<attscale Sync="TRUE">0</attscale>
			</attr>
			<attr>
				<attrlabl Sync="TRUE">UINT_DENOM</attrlabl>
				<attalias Sync="TRUE">UINT_DENOM</attalias>
				<attrtype Sync="TRUE">Integer</attrtype>
				<attwidth Sync="TRUE">10</attwidth>
				<atprecis Sync="TRUE">10</atprecis>
				<attscale Sync="TRUE">0</attscale>
			</attr>
			<attr>
				<attrlabl Sync="TRUE">INT_TYPE</attrlabl>
				<attalias Sync="TRUE">INT_TYPE</attalias>
				<attrtype Sync="TRUE">String</attrtype>
				<attwidth Sync="TRUE">15</attwidth>
				<atprecis Sync="TRUE">0</atprecis>
				<attscale Sync="TRUE">0</attscale>
			</attr>
			<attr>
				<attrlabl Sync="TRUE">INT_STATUS</attrlabl>
				<attalias Sync="TRUE">INT_STATUS</attalias>
				<attrtype Sync="TRUE">String</attrtype>
				<attwidth Sync="TRUE">15</attwidth>
				<atprecis Sync="TRUE">0</atprecis>
				<attscale Sync="TRUE">0</attscale>
			</attr>
			<attr>
				<attrlabl Sync="TRUE">LANDTYPE</attrlabl>
				<attalias Sync="TRUE">LANDTYPE</attalias>
				<attrtype Sync="TRUE">String</attrtype>
				<attwidth Sync="TRUE">25</attwidth>
				<atprecis Sync="TRUE">0</atprecis>
				<attscale Sync="TRUE">0</attscale>
			</attr>
			<attr>
				<attrlabl Sync="TRUE">MEANSACQ</attrlabl>
				<attalias Sync="TRUE">MEANSACQ</attalias>
				<attrtype Sync="TRUE">String</attrtype>
				<attwidth Sync="TRUE">50</attwidth>
				<atprecis Sync="TRUE">0</atprecis>
				<attscale Sync="TRUE">0</attscale>
			</attr>
			<attr>
				<attrlabl Sync="TRUE">LANDTYPECO</attrlabl>
				<attalias Sync="TRUE">LANDTYPECO</attalias>
				<attrtype Sync="TRUE">String</attrtype>
				<attwidth Sync="TRUE">1</attwidth>
				<atprecis Sync="TRUE">0</atprecis>
				<attscale Sync="TRUE">0</attscale>
			</attr>
			<attr>
				<attrlabl Sync="TRUE">MEANSACQCO</attrlabl>
				<attalias Sync="TRUE">MEANSACQCO</attalias>
				<attrtype Sync="TRUE">String</attrtype>
				<attwidth Sync="TRUE">1</attwidth>
				<atprecis Sync="TRUE">0</atprecis>
				<attscale Sync="TRUE">0</attscale>
			</attr>
			<attr>
				<attrlabl Sync="TRUE">ADMINISTRA</attrlabl>
				<attalias Sync="TRUE">ADMINISTRA</attalias>
				<attrtype Sync="TRUE">String</attrtype>
				<attwidth Sync="TRUE">30</attwidth>
				<atprecis Sync="TRUE">0</atprecis>
				<attscale Sync="TRUE">0</attscale>
			</attr>
			<attr>
				<attrlabl Sync="TRUE">ADMINIST_1</attrlabl>
				<attalias Sync="TRUE">ADMINIST_1</attalias>
				<attrtype Sync="TRUE">Integer</attrtype>
				<attwidth Sync="TRUE">5</attwidth>
				<atprecis Sync="TRUE">5</atprecis>
				<attscale Sync="TRUE">0</attscale>
			</attr>
			<attr>
				<attrlabl Sync="TRUE">MGTPRGPRJ</attrlabl>
				<attalias Sync="TRUE">MGTPRGPRJ</attalias>
				<attrtype Sync="TRUE">String</attrtype>
				<attwidth Sync="TRUE">10</attwidth>
				<atprecis Sync="TRUE">0</atprecis>
				<attscale Sync="TRUE">0</attscale>
			</attr>
			<attr>
				<attrlabl Sync="TRUE">MGTPRJNAME</attrlabl>
				<attalias Sync="TRUE">MGTPRJNAME</attalias>
				<attrtype Sync="TRUE">String</attrtype>
				<attwidth Sync="TRUE">60</attwidth>
				<atprecis Sync="TRUE">0</atprecis>
				<attscale Sync="TRUE">0</attscale>
			</attr>
			<attr>
				<attrlabl Sync="TRUE">MGTPRGCODE</attrlabl>
				<attalias Sync="TRUE">MGTPRGCODE</attalias>
				<attrtype Sync="TRUE">String</attrtype>
				<attwidth Sync="TRUE">3</attwidth>
				<atprecis Sync="TRUE">0</atprecis>
				<attscale Sync="TRUE">0</attscale>
			</attr>
			<attr>
				<attrlabl Sync="TRUE">MGTPRGNAME</attrlabl>
				<attalias Sync="TRUE">MGTPRGNAME</attalias>
				<attrtype Sync="TRUE">String</attrtype>
				<attwidth Sync="TRUE">25</attwidth>
				<atprecis Sync="TRUE">0</atprecis>
				<attscale Sync="TRUE">0</attscale>
			</attr>
			<attr>
				<attrlabl Sync="TRUE">ADMPRGPRJA</attrlabl>
				<attalias Sync="TRUE">ADMPRGPRJA</attalias>
				<attrtype Sync="TRUE">String</attrtype>
				<attwidth Sync="TRUE">100</attwidth>
				<atprecis Sync="TRUE">0</atprecis>
				<attscale Sync="TRUE">0</attscale>
			</attr>
			<attr>
				<attrlabl Sync="TRUE">DNRTRNXNUM</attrlabl>
				<attalias Sync="TRUE">DNRTRNXNUM</attalias>
				<attrtype Sync="TRUE">String</attrtype>
				<attwidth Sync="TRUE">10</attwidth>
				<atprecis Sync="TRUE">0</atprecis>
				<attscale Sync="TRUE">0</attscale>
			</attr>
			<attr>
				<attrlabl Sync="TRUE">T_CLOSINGD</attrlabl>
				<attalias Sync="TRUE">T_CLOSINGD</attalias>
				<attrtype Sync="TRUE">String</attrtype>
				<attwidth Sync="TRUE">10</attwidth>
				<atprecis Sync="TRUE">0</atprecis>
				<attscale Sync="TRUE">0</attscale>
			</attr>
			<attr>
				<attrlabl Sync="TRUE">SU_CTYPIN_</attrlabl>
				<attalias Sync="TRUE">SU_CTYPIN_</attalias>
				<attrtype Sync="TRUE">String</attrtype>
				<attwidth Sync="TRUE">50</attwidth>
				<atprecis Sync="TRUE">0</atprecis>
				<attscale Sync="TRUE">0</attscale>
			</attr>
			<attr>
				<attrlabl Sync="TRUE">DATA_DOWNL</attrlabl>
				<attalias Sync="TRUE">DATA_DOWNL</attalias>
				<attrtype Sync="TRUE">String</attrtype>
				<attwidth Sync="TRUE">10</attwidth>
				<atprecis Sync="TRUE">0</atprecis>
				<attscale Sync="TRUE">0</attscale>
			</attr>
			<attr>
				<attrlabl Sync="TRUE">Shape_Leng</attrlabl>
				<attalias Sync="TRUE">Shape_Leng</attalias>
				<attrtype Sync="TRUE">Double</attrtype>
				<attwidth Sync="TRUE">19</attwidth>
				<atprecis Sync="TRUE">0</atprecis>
				<attscale Sync="TRUE">0</attscale>
			</attr>
			<attr>
				<attrlabl Sync="TRUE">Shape_Area</attrlabl>
				<attalias Sync="TRUE">Shape_Area</attalias>
				<attrtype Sync="TRUE">Double</attrtype>
				<attwidth Sync="TRUE">19</attwidth>
				<atprecis Sync="TRUE">0</atprecis>
				<attscale Sync="TRUE">0</attscale>
				<attrdef Sync="TRUE">Area of feature in internal units squared.</attrdef>
				<attrdefs Sync="TRUE">Esri</attrdefs>
				<attrdomv>
					<udom Sync="TRUE">Positive real numbers that are automatically generated.</udom>
				</attrdomv>
			</attr>
		</detailed>
	</eainfo>
	<mdDateSt Sync="TRUE">20230414</mdDateSt>
</metadata>
